"ISO3","Year","Sex","Measles","measout","msl"
"AFG",2000,"F",0,NA,NA
"AFG",2001,"F",0,NA,NA
"AFG",2002,"F",0,NA,NA
"AFG",2003,"F",0,NA,NA
"AFG",2004,"F",0,NA,NA
"AFG",2005,"F",0,NA,NA
"AFG",2006,"F",0,NA,NA
"AFG",2007,"F",0,NA,NA
"AFG",2008,"F",0,NA,NA
"AFG",2009,"F",0,NA,NA
"AFG",2010,"F",0,NA,NA
"AFG",2011,"F",0,NA,NA
"AFG",2012,"F",0,NA,NA
"AFG",2013,"F",0,NA,NA
"AFG",2014,"F",0,NA,NA
"AFG",2015,"F",0,NA,NA
"AFG",2016,"F",0,NA,NA
"AFG",2017,"F",0,NA,NA
"AFG",2018,"F",0,NA,NA
"AFG",2019,"F",0,NA,NA
"AFG",2020,"F",0,NA,NA
"AFG",2021,"F",0,NA,NA
"AGO",2000,"F",0,NA,NA
"AGO",2001,"F",0,NA,NA
"AGO",2002,"F",0,NA,NA
"AGO",2003,"F",0,NA,NA
"AGO",2004,"F",0,NA,NA
"AGO",2005,"F",0,NA,NA
"AGO",2006,"F",0,NA,NA
"AGO",2007,"F",0,NA,NA
"AGO",2008,"F",0,NA,NA
"AGO",2009,"F",0,NA,NA
"AGO",2010,"F",0,NA,NA
"AGO",2011,"F",0,NA,NA
"AGO",2012,"F",0,NA,NA
"AGO",2013,"F",0,NA,NA
"AGO",2014,"F",0,NA,NA
"AGO",2015,"F",0,NA,NA
"AGO",2016,"F",0,NA,NA
"AGO",2017,"F",0,NA,NA
"AGO",2018,"F",0,NA,NA
"AGO",2019,"F",0,NA,NA
"AGO",2020,"F",0,NA,NA
"AGO",2021,"F",0,NA,NA
"ALB",2000,"F",0,NA,NA
"ALB",2001,"F",0,NA,NA
"ALB",2002,"F",0,NA,NA
"ALB",2003,"F",0,NA,NA
"ALB",2004,"F",0,NA,NA
"ALB",2005,"F",0,NA,NA
"ALB",2006,"F",0,NA,NA
"ALB",2007,"F",0,NA,NA
"ALB",2008,"F",0,NA,NA
"ALB",2009,"F",0,NA,NA
"ALB",2010,"F",0,NA,NA
"ALB",2011,"F",0,NA,NA
"ALB",2012,"F",0,NA,NA
"ALB",2013,"F",0,NA,NA
"ALB",2014,"F",0,NA,NA
"ALB",2015,"F",0,NA,NA
"ALB",2016,"F",0,NA,NA
"ALB",2017,"F",0,NA,NA
"ALB",2018,"F",0,NA,NA
"ALB",2019,"F",0,NA,NA
"ALB",2020,"F",0,NA,NA
"ALB",2021,"F",0,NA,NA
"AND",2000,"F",0,NA,NA
"AND",2001,"F",0,NA,NA
"AND",2002,"F",0,NA,NA
"AND",2003,"F",0,NA,NA
"AND",2004,"F",0,NA,NA
"AND",2005,"F",0,NA,NA
"AND",2006,"F",0,NA,NA
"AND",2007,"F",0,NA,NA
"AND",2008,"F",0,NA,NA
"AND",2009,"F",0,NA,NA
"AND",2010,"F",0,NA,NA
"AND",2011,"F",0,NA,NA
"AND",2012,"F",0,NA,NA
"AND",2013,"F",0,NA,NA
"AND",2014,"F",0,NA,NA
"AND",2015,"F",0,NA,NA
"AND",2016,"F",0,NA,NA
"AND",2017,"F",0,NA,NA
"AND",2018,"F",0,NA,NA
"AND",2019,"F",0,NA,NA
"AND",2020,"F",0,NA,NA
"AND",2021,"F",0,NA,NA
"ARE",2000,"F",0,NA,NA
"ARE",2001,"F",0,NA,NA
"ARE",2002,"F",0,NA,NA
"ARE",2003,"F",0,NA,NA
"ARE",2004,"F",0,NA,NA
"ARE",2005,"F",0,NA,NA
"ARE",2006,"F",0,NA,NA
"ARE",2007,"F",0,NA,NA
"ARE",2008,"F",0,NA,NA
"ARE",2009,"F",0,NA,NA
"ARE",2010,"F",0,NA,NA
"ARE",2011,"F",0,NA,NA
"ARE",2012,"F",0,NA,NA
"ARE",2013,"F",0,NA,NA
"ARE",2014,"F",0,NA,NA
"ARE",2015,"F",0,NA,NA
"ARE",2016,"F",0,NA,NA
"ARE",2017,"F",0,NA,NA
"ARE",2018,"F",0,NA,NA
"ARE",2019,"F",0,NA,NA
"ARE",2020,"F",0,NA,NA
"ARE",2021,"F",0,NA,NA
"AZE",2000,"F",0,NA,NA
"AZE",2001,"F",0,NA,NA
"AZE",2002,"F",0,NA,NA
"AZE",2003,"F",0,NA,NA
"AZE",2004,"F",0,NA,NA
"AZE",2005,"F",0,NA,NA
"AZE",2006,"F",0,NA,NA
"AZE",2007,"F",0,NA,NA
"AZE",2008,"F",0,NA,NA
"AZE",2009,"F",0,NA,NA
"AZE",2010,"F",0,NA,NA
"AZE",2011,"F",0,NA,NA
"AZE",2012,"F",0,NA,NA
"AZE",2013,"F",0,NA,NA
"AZE",2014,"F",0,NA,NA
"AZE",2015,"F",0,NA,NA
"AZE",2016,"F",0,NA,NA
"AZE",2017,"F",0,NA,NA
"AZE",2018,"F",0,NA,NA
"AZE",2019,"F",0,NA,NA
"AZE",2020,"F",0,NA,NA
"AZE",2021,"F",0,NA,NA
"BDI",2000,"F",0,NA,NA
"BDI",2001,"F",0,NA,NA
"BDI",2002,"F",0,NA,NA
"BDI",2003,"F",0,NA,NA
"BDI",2004,"F",0,NA,NA
"BDI",2005,"F",0,NA,NA
"BDI",2006,"F",0,NA,NA
"BDI",2007,"F",0,NA,NA
"BDI",2008,"F",0,NA,NA
"BDI",2009,"F",0,NA,NA
"BDI",2010,"F",0,NA,NA
"BDI",2011,"F",0,NA,NA
"BDI",2012,"F",0,NA,NA
"BDI",2013,"F",0,NA,NA
"BDI",2014,"F",0,NA,NA
"BDI",2015,"F",0,NA,NA
"BDI",2016,"F",0,NA,NA
"BDI",2017,"F",0,NA,NA
"BDI",2018,"F",0,NA,NA
"BDI",2019,"F",0,NA,NA
"BDI",2020,"F",0,NA,NA
"BDI",2021,"F",0,NA,NA
"BEN",2000,"F",0,NA,NA
"BEN",2001,"F",0,NA,NA
"BEN",2002,"F",0,NA,NA
"BEN",2003,"F",0,NA,NA
"BEN",2004,"F",0,NA,NA
"BEN",2005,"F",0,NA,NA
"BEN",2006,"F",0,NA,NA
"BEN",2007,"F",0,NA,NA
"BEN",2008,"F",0,NA,NA
"BEN",2009,"F",0,NA,NA
"BEN",2010,"F",0,NA,NA
"BEN",2011,"F",0,NA,NA
"BEN",2012,"F",0,NA,NA
"BEN",2013,"F",0,NA,NA
"BEN",2014,"F",0,NA,NA
"BEN",2015,"F",0,NA,NA
"BEN",2016,"F",0,NA,NA
"BEN",2017,"F",0,NA,NA
"BEN",2018,"F",0,NA,NA
"BEN",2019,"F",0,NA,NA
"BEN",2020,"F",0,NA,NA
"BEN",2021,"F",0,NA,NA
"BFA",2000,"F",0,NA,NA
"BFA",2001,"F",0,NA,NA
"BFA",2002,"F",0,NA,NA
"BFA",2003,"F",0,NA,NA
"BFA",2004,"F",0,NA,NA
"BFA",2005,"F",0,NA,NA
"BFA",2006,"F",0,NA,NA
"BFA",2007,"F",0,NA,NA
"BFA",2008,"F",0,NA,NA
"BFA",2009,"F",0,NA,NA
"BFA",2010,"F",0,NA,NA
"BFA",2011,"F",0,NA,NA
"BFA",2012,"F",0,NA,NA
"BFA",2013,"F",0,NA,NA
"BFA",2014,"F",0,NA,NA
"BFA",2015,"F",0,NA,NA
"BFA",2016,"F",0,NA,NA
"BFA",2017,"F",0,NA,NA
"BFA",2018,"F",0,NA,NA
"BFA",2019,"F",0,NA,NA
"BFA",2020,"F",0,NA,NA
"BFA",2021,"F",0,NA,NA
"BGD",2000,"F",0,NA,NA
"BGD",2001,"F",0,NA,NA
"BGD",2002,"F",0,NA,NA
"BGD",2003,"F",0,NA,NA
"BGD",2004,"F",0,NA,NA
"BGD",2005,"F",0,NA,NA
"BGD",2006,"F",0,NA,NA
"BGD",2007,"F",0,NA,NA
"BGD",2008,"F",0,NA,NA
"BGD",2009,"F",0,NA,NA
"BGD",2010,"F",0,NA,NA
"BGD",2011,"F",0,NA,NA
"BGD",2012,"F",0,NA,NA
"BGD",2013,"F",0,NA,NA
"BGD",2014,"F",0,NA,NA
"BGD",2015,"F",0,NA,NA
"BGD",2016,"F",0,NA,NA
"BGD",2017,"F",0,NA,NA
"BGD",2018,"F",0,NA,NA
"BGD",2019,"F",0,NA,NA
"BGD",2020,"F",0,NA,NA
"BGD",2021,"F",0,NA,NA
"BHR",2000,"F",0,NA,NA
"BHR",2001,"F",0,NA,NA
"BHR",2002,"F",0,NA,NA
"BHR",2003,"F",0,NA,NA
"BHR",2004,"F",0,NA,NA
"BHR",2005,"F",0,NA,NA
"BHR",2006,"F",0,NA,NA
"BHR",2007,"F",0,NA,NA
"BHR",2008,"F",0,NA,NA
"BHR",2009,"F",0,NA,NA
"BHR",2010,"F",0,NA,NA
"BHR",2011,"F",0,NA,NA
"BHR",2012,"F",0,NA,NA
"BHR",2013,"F",0,NA,NA
"BHR",2014,"F",0,NA,NA
"BHR",2015,"F",0,NA,NA
"BHR",2016,"F",0,NA,NA
"BHR",2017,"F",0,NA,NA
"BHR",2018,"F",0,NA,NA
"BHR",2019,"F",0,NA,NA
"BHR",2020,"F",0,NA,NA
"BHR",2021,"F",0,NA,NA
"BHS",2000,"F",0,NA,NA
"BHS",2001,"F",0,NA,NA
"BHS",2002,"F",0,NA,NA
"BHS",2003,"F",0,NA,NA
"BHS",2004,"F",0,NA,NA
"BHS",2005,"F",0,NA,NA
"BHS",2006,"F",0,NA,NA
"BHS",2007,"F",0,NA,NA
"BHS",2008,"F",0,NA,NA
"BHS",2009,"F",0,NA,NA
"BHS",2010,"F",0,NA,NA
"BHS",2011,"F",0,NA,NA
"BHS",2012,"F",0,NA,NA
"BHS",2013,"F",0,NA,NA
"BHS",2014,"F",0,NA,NA
"BHS",2015,"F",0,NA,NA
"BHS",2016,"F",0,NA,NA
"BHS",2017,"F",0,NA,NA
"BHS",2018,"F",0,NA,NA
"BHS",2019,"F",0,NA,NA
"BHS",2020,"F",0,NA,NA
"BHS",2021,"F",0,NA,NA
"BIH",2000,"F",0,NA,NA
"BIH",2001,"F",0,NA,NA
"BIH",2002,"F",0,NA,NA
"BIH",2003,"F",0,NA,NA
"BIH",2004,"F",0,NA,NA
"BIH",2005,"F",0,NA,NA
"BIH",2006,"F",0,NA,NA
"BIH",2007,"F",0,NA,NA
"BIH",2008,"F",0,NA,NA
"BIH",2009,"F",0,NA,NA
"BIH",2010,"F",0,NA,NA
"BIH",2011,"F",0,NA,NA
"BIH",2012,"F",0,NA,NA
"BIH",2013,"F",0,NA,NA
"BIH",2014,"F",0,NA,NA
"BIH",2015,"F",0,NA,NA
"BIH",2016,"F",0,NA,NA
"BIH",2017,"F",0,NA,NA
"BIH",2018,"F",0,NA,NA
"BIH",2019,"F",0,NA,NA
"BIH",2020,"F",0,NA,NA
"BIH",2021,"F",0,NA,NA
"BLR",2000,"F",0,NA,NA
"BLR",2001,"F",0,NA,NA
"BLR",2002,"F",0,NA,NA
"BLR",2003,"F",0,NA,NA
"BLR",2004,"F",0,NA,NA
"BLR",2005,"F",0,NA,NA
"BLR",2006,"F",0,NA,NA
"BLR",2007,"F",0,NA,NA
"BLR",2008,"F",0,NA,NA
"BLR",2009,"F",0,NA,NA
"BLR",2010,"F",0,NA,NA
"BLR",2011,"F",0,NA,NA
"BLR",2012,"F",0,NA,NA
"BLR",2013,"F",0,NA,NA
"BLR",2014,"F",0,NA,NA
"BLR",2015,"F",0,NA,NA
"BLR",2016,"F",0,NA,NA
"BLR",2017,"F",0,NA,NA
"BLR",2018,"F",0,NA,NA
"BLR",2019,"F",0,NA,NA
"BLR",2020,"F",0,NA,NA
"BLR",2021,"F",0,NA,NA
"BLZ",2000,"F",0,NA,NA
"BLZ",2001,"F",0,NA,NA
"BLZ",2002,"F",0,NA,NA
"BLZ",2003,"F",0,NA,NA
"BLZ",2004,"F",0,NA,NA
"BLZ",2005,"F",0,NA,NA
"BLZ",2006,"F",0,NA,NA
"BLZ",2007,"F",0,NA,NA
"BLZ",2008,"F",0,NA,NA
"BLZ",2009,"F",0,NA,NA
"BLZ",2010,"F",0,NA,NA
"BLZ",2011,"F",0,NA,NA
"BLZ",2012,"F",0,NA,NA
"BLZ",2013,"F",0,NA,NA
"BLZ",2014,"F",0,NA,NA
"BLZ",2015,"F",0,NA,NA
"BLZ",2016,"F",0,NA,NA
"BLZ",2017,"F",0,NA,NA
"BLZ",2018,"F",0,NA,NA
"BLZ",2019,"F",0,NA,NA
"BLZ",2020,"F",0,NA,NA
"BLZ",2021,"F",0,NA,NA
"BOL",2000,"F",0,NA,NA
"BOL",2001,"F",0,NA,NA
"BOL",2002,"F",0,NA,NA
"BOL",2003,"F",0,NA,NA
"BOL",2004,"F",0,NA,NA
"BOL",2005,"F",0,NA,NA
"BOL",2006,"F",0,NA,NA
"BOL",2007,"F",0,NA,NA
"BOL",2008,"F",0,NA,NA
"BOL",2009,"F",0,NA,NA
"BOL",2010,"F",0,NA,NA
"BOL",2011,"F",0,NA,NA
"BOL",2012,"F",0,NA,NA
"BOL",2013,"F",0,NA,NA
"BOL",2014,"F",0,NA,NA
"BOL",2015,"F",0,NA,NA
"BOL",2016,"F",0,NA,NA
"BOL",2017,"F",0,NA,NA
"BOL",2018,"F",0,NA,NA
"BOL",2019,"F",0,NA,NA
"BOL",2020,"F",0,NA,NA
"BOL",2021,"F",0,NA,NA
"BTN",2000,"F",0,NA,NA
"BTN",2001,"F",0,NA,NA
"BTN",2002,"F",0,NA,NA
"BTN",2003,"F",0,NA,NA
"BTN",2004,"F",0,NA,NA
"BTN",2005,"F",0,NA,NA
"BTN",2006,"F",0,NA,NA
"BTN",2007,"F",0,NA,NA
"BTN",2008,"F",0,NA,NA
"BTN",2009,"F",0,NA,NA
"BTN",2010,"F",0,NA,NA
"BTN",2011,"F",0,NA,NA
"BTN",2012,"F",0,NA,NA
"BTN",2013,"F",0,NA,NA
"BTN",2014,"F",0,NA,NA
"BTN",2015,"F",0,NA,NA
"BTN",2016,"F",0,NA,NA
"BTN",2017,"F",0,NA,NA
"BTN",2018,"F",0,NA,NA
"BTN",2019,"F",0,NA,NA
"BTN",2020,"F",0,NA,NA
"BTN",2021,"F",0,NA,NA
"BWA",2000,"F",0,NA,NA
"BWA",2001,"F",0,NA,NA
"BWA",2002,"F",0,NA,NA
"BWA",2003,"F",0,NA,NA
"BWA",2004,"F",0,NA,NA
"BWA",2005,"F",0,NA,NA
"BWA",2006,"F",0,NA,NA
"BWA",2007,"F",0,NA,NA
"BWA",2008,"F",0,NA,NA
"BWA",2009,"F",0,NA,NA
"BWA",2010,"F",0,NA,NA
"BWA",2011,"F",0,NA,NA
"BWA",2012,"F",0,NA,NA
"BWA",2013,"F",0,NA,NA
"BWA",2014,"F",0,NA,NA
"BWA",2015,"F",0,NA,NA
"BWA",2016,"F",0,NA,NA
"BWA",2017,"F",0,NA,NA
"BWA",2018,"F",0,NA,NA
"BWA",2019,"F",0,NA,NA
"BWA",2020,"F",0,NA,NA
"BWA",2021,"F",0,NA,NA
"CAF",2000,"F",0,NA,NA
"CAF",2001,"F",0,NA,NA
"CAF",2002,"F",0,NA,NA
"CAF",2003,"F",0,NA,NA
"CAF",2004,"F",0,NA,NA
"CAF",2005,"F",0,NA,NA
"CAF",2006,"F",0,NA,NA
"CAF",2007,"F",0,NA,NA
"CAF",2008,"F",0,NA,NA
"CAF",2009,"F",0,NA,NA
"CAF",2010,"F",0,NA,NA
"CAF",2011,"F",0,NA,NA
"CAF",2012,"F",0,NA,NA
"CAF",2013,"F",0,NA,NA
"CAF",2014,"F",0,NA,NA
"CAF",2015,"F",0,NA,NA
"CAF",2016,"F",0,NA,NA
"CAF",2017,"F",0,NA,NA
"CAF",2018,"F",0,NA,NA
"CAF",2019,"F",0,NA,NA
"CAF",2020,"F",0,NA,NA
"CAF",2021,"F",0,NA,NA
"CIV",2000,"F",0,NA,NA
"CIV",2001,"F",0,NA,NA
"CIV",2002,"F",0,NA,NA
"CIV",2003,"F",0,NA,NA
"CIV",2004,"F",0,NA,NA
"CIV",2005,"F",0,NA,NA
"CIV",2006,"F",0,NA,NA
"CIV",2007,"F",0,NA,NA
"CIV",2008,"F",0,NA,NA
"CIV",2009,"F",0,NA,NA
"CIV",2010,"F",0,NA,NA
"CIV",2011,"F",0,NA,NA
"CIV",2012,"F",0,NA,NA
"CIV",2013,"F",0,NA,NA
"CIV",2014,"F",0,NA,NA
"CIV",2015,"F",0,NA,NA
"CIV",2016,"F",0,NA,NA
"CIV",2017,"F",0,NA,NA
"CIV",2018,"F",0,NA,NA
"CIV",2019,"F",0,NA,NA
"CIV",2020,"F",0,NA,NA
"CIV",2021,"F",0,NA,NA
"CMR",2000,"F",0,NA,NA
"CMR",2001,"F",0,NA,NA
"CMR",2002,"F",0,NA,NA
"CMR",2003,"F",0,NA,NA
"CMR",2004,"F",0,NA,NA
"CMR",2005,"F",0,NA,NA
"CMR",2006,"F",0,NA,NA
"CMR",2007,"F",0,NA,NA
"CMR",2008,"F",0,NA,NA
"CMR",2009,"F",0,NA,NA
"CMR",2010,"F",0,NA,NA
"CMR",2011,"F",0,NA,NA
"CMR",2012,"F",0,NA,NA
"CMR",2013,"F",0,NA,NA
"CMR",2014,"F",0,NA,NA
"CMR",2015,"F",0,NA,NA
"CMR",2016,"F",0,NA,NA
"CMR",2017,"F",0,NA,NA
"CMR",2018,"F",0,NA,NA
"CMR",2019,"F",0,NA,NA
"CMR",2020,"F",0,NA,NA
"CMR",2021,"F",0,NA,NA
"COD",2000,"F",0,NA,NA
"COD",2001,"F",0,NA,NA
"COD",2002,"F",0,NA,NA
"COD",2003,"F",0,NA,NA
"COD",2004,"F",0,NA,NA
"COD",2005,"F",0,NA,NA
"COD",2006,"F",0,NA,NA
"COD",2007,"F",0,NA,NA
"COD",2008,"F",0,NA,NA
"COD",2009,"F",0,NA,NA
"COD",2010,"F",0,NA,NA
"COD",2011,"F",0,NA,NA
"COD",2012,"F",0,NA,NA
"COD",2013,"F",0,NA,NA
"COD",2014,"F",0,NA,NA
"COD",2015,"F",0,NA,NA
"COD",2016,"F",0,NA,NA
"COD",2017,"F",0,NA,NA
"COD",2018,"F",0,NA,NA
"COD",2019,"F",0,NA,NA
"COD",2020,"F",0,NA,NA
"COD",2021,"F",0,NA,NA
"COG",2000,"F",0,NA,NA
"COG",2001,"F",0,NA,NA
"COG",2002,"F",0,NA,NA
"COG",2003,"F",0,NA,NA
"COG",2004,"F",0,NA,NA
"COG",2005,"F",0,NA,NA
"COG",2006,"F",0,NA,NA
"COG",2007,"F",0,NA,NA
"COG",2008,"F",0,NA,NA
"COG",2009,"F",0,NA,NA
"COG",2010,"F",0,NA,NA
"COG",2011,"F",0,NA,NA
"COG",2012,"F",0,NA,NA
"COG",2013,"F",0,NA,NA
"COG",2014,"F",0,NA,NA
"COG",2015,"F",0,NA,NA
"COG",2016,"F",0,NA,NA
"COG",2017,"F",0,NA,NA
"COG",2018,"F",0,NA,NA
"COG",2019,"F",0,NA,NA
"COG",2020,"F",0,NA,NA
"COG",2021,"F",0,NA,NA
"COK",2000,"F",0,NA,NA
"COK",2001,"F",0,NA,NA
"COK",2002,"F",0,NA,NA
"COK",2003,"F",0,NA,NA
"COK",2004,"F",0,NA,NA
"COK",2005,"F",0,NA,NA
"COK",2006,"F",0,NA,NA
"COK",2007,"F",0,NA,NA
"COK",2008,"F",0,NA,NA
"COK",2009,"F",0,NA,NA
"COK",2010,"F",0,NA,NA
"COK",2011,"F",0,NA,NA
"COK",2012,"F",0,NA,NA
"COK",2013,"F",0,NA,NA
"COK",2014,"F",0,NA,NA
"COK",2015,"F",0,NA,NA
"COK",2016,"F",0,NA,NA
"COK",2017,"F",0,NA,NA
"COK",2018,"F",0,NA,NA
"COK",2019,"F",0,NA,NA
"COK",2020,"F",0,NA,NA
"COK",2021,"F",0,NA,NA
"COM",2000,"F",0,NA,NA
"COM",2001,"F",0,NA,NA
"COM",2002,"F",0,NA,NA
"COM",2003,"F",0,NA,NA
"COM",2004,"F",0,NA,NA
"COM",2005,"F",0,NA,NA
"COM",2006,"F",0,NA,NA
"COM",2007,"F",0,NA,NA
"COM",2008,"F",0,NA,NA
"COM",2009,"F",0,NA,NA
"COM",2010,"F",0,NA,NA
"COM",2011,"F",0,NA,NA
"COM",2012,"F",0,NA,NA
"COM",2013,"F",0,NA,NA
"COM",2014,"F",0,NA,NA
"COM",2015,"F",0,NA,NA
"COM",2016,"F",0,NA,NA
"COM",2017,"F",0,NA,NA
"COM",2018,"F",0,NA,NA
"COM",2019,"F",0,NA,NA
"COM",2020,"F",0,NA,NA
"COM",2021,"F",0,NA,NA
"CPV",2000,"F",0,NA,NA
"CPV",2001,"F",0,NA,NA
"CPV",2002,"F",0,NA,NA
"CPV",2003,"F",0,NA,NA
"CPV",2004,"F",0,NA,NA
"CPV",2005,"F",0,NA,NA
"CPV",2006,"F",0,NA,NA
"CPV",2007,"F",0,NA,NA
"CPV",2008,"F",0,NA,NA
"CPV",2009,"F",0,NA,NA
"CPV",2010,"F",0,NA,NA
"CPV",2011,"F",0,NA,NA
"CPV",2012,"F",0,NA,NA
"CPV",2013,"F",0,NA,NA
"CPV",2014,"F",0,NA,NA
"CPV",2015,"F",0,NA,NA
"CPV",2016,"F",0,NA,NA
"CPV",2017,"F",0,NA,NA
"CPV",2018,"F",0,NA,NA
"CPV",2019,"F",0,NA,NA
"CPV",2020,"F",0,NA,NA
"CPV",2021,"F",0,NA,NA
"DJI",2000,"F",0,NA,NA
"DJI",2001,"F",0,NA,NA
"DJI",2002,"F",0,NA,NA
"DJI",2003,"F",0,NA,NA
"DJI",2004,"F",0,NA,NA
"DJI",2005,"F",0,NA,NA
"DJI",2006,"F",0,NA,NA
"DJI",2007,"F",0,NA,NA
"DJI",2008,"F",0,NA,NA
"DJI",2009,"F",0,NA,NA
"DJI",2010,"F",0,NA,NA
"DJI",2011,"F",0,NA,NA
"DJI",2012,"F",0,NA,NA
"DJI",2013,"F",0,NA,NA
"DJI",2014,"F",0,NA,NA
"DJI",2015,"F",0,NA,NA
"DJI",2016,"F",0,NA,NA
"DJI",2017,"F",0,NA,NA
"DJI",2018,"F",0,NA,NA
"DJI",2019,"F",0,NA,NA
"DJI",2020,"F",0,NA,NA
"DJI",2021,"F",0,NA,NA
"DMA",2000,"F",0,NA,NA
"DMA",2001,"F",0,NA,NA
"DMA",2002,"F",0,NA,NA
"DMA",2003,"F",0,NA,NA
"DMA",2004,"F",0,NA,NA
"DMA",2005,"F",0,NA,NA
"DMA",2006,"F",0,NA,NA
"DMA",2007,"F",0,NA,NA
"DMA",2008,"F",0,NA,NA
"DMA",2009,"F",0,NA,NA
"DMA",2010,"F",0,NA,NA
"DMA",2011,"F",0,NA,NA
"DMA",2012,"F",0,NA,NA
"DMA",2013,"F",0,NA,NA
"DMA",2014,"F",0,NA,NA
"DMA",2015,"F",0,NA,NA
"DMA",2016,"F",0,NA,NA
"DMA",2017,"F",0,NA,NA
"DMA",2018,"F",0,NA,NA
"DMA",2019,"F",0,NA,NA
"DMA",2020,"F",0,NA,NA
"DMA",2021,"F",0,NA,NA
"DOM",2000,"F",0,NA,NA
"DOM",2001,"F",0,NA,NA
"DOM",2002,"F",0,NA,NA
"DOM",2003,"F",0,NA,NA
"DOM",2004,"F",0,NA,NA
"DOM",2005,"F",0,NA,NA
"DOM",2006,"F",0,NA,NA
"DOM",2007,"F",0,NA,NA
"DOM",2008,"F",0,NA,NA
"DOM",2009,"F",0,NA,NA
"DOM",2010,"F",0,NA,NA
"DOM",2011,"F",0,NA,NA
"DOM",2012,"F",0,NA,NA
"DOM",2013,"F",0,NA,NA
"DOM",2014,"F",0,NA,NA
"DOM",2015,"F",0,NA,NA
"DOM",2016,"F",0,NA,NA
"DOM",2017,"F",0,NA,NA
"DOM",2018,"F",0,NA,NA
"DOM",2019,"F",0,NA,NA
"DOM",2020,"F",0,NA,NA
"DOM",2021,"F",0,NA,NA
"DZA",2000,"F",0,NA,NA
"DZA",2001,"F",0,NA,NA
"DZA",2002,"F",0,NA,NA
"DZA",2003,"F",0,NA,NA
"DZA",2004,"F",0,NA,NA
"DZA",2005,"F",0,NA,NA
"DZA",2006,"F",0,NA,NA
"DZA",2007,"F",0,NA,NA
"DZA",2008,"F",0,NA,NA
"DZA",2009,"F",0,NA,NA
"DZA",2010,"F",0,NA,NA
"DZA",2011,"F",0,NA,NA
"DZA",2012,"F",0,NA,NA
"DZA",2013,"F",0,NA,NA
"DZA",2014,"F",0,NA,NA
"DZA",2015,"F",0,NA,NA
"DZA",2016,"F",0,NA,NA
"DZA",2017,"F",0,NA,NA
"DZA",2018,"F",0,NA,NA
"DZA",2019,"F",0,NA,NA
"DZA",2020,"F",0,NA,NA
"DZA",2021,"F",0,NA,NA
"EGY",2000,"F",0,NA,NA
"EGY",2001,"F",0,NA,NA
"EGY",2002,"F",0,NA,NA
"EGY",2003,"F",0,NA,NA
"EGY",2004,"F",0,NA,NA
"EGY",2005,"F",0,NA,NA
"EGY",2006,"F",0,NA,NA
"EGY",2007,"F",0,NA,NA
"EGY",2008,"F",0,NA,NA
"EGY",2009,"F",0,NA,NA
"EGY",2010,"F",0,NA,NA
"EGY",2011,"F",0,NA,NA
"EGY",2012,"F",0,NA,NA
"EGY",2013,"F",0,NA,NA
"EGY",2014,"F",0,NA,NA
"EGY",2015,"F",0,NA,NA
"EGY",2016,"F",0,NA,NA
"EGY",2017,"F",0,NA,NA
"EGY",2018,"F",0,NA,NA
"EGY",2019,"F",0,NA,NA
"EGY",2020,"F",0,NA,NA
"EGY",2021,"F",0,NA,NA
"ERI",2000,"F",0,NA,NA
"ERI",2001,"F",0,NA,NA
"ERI",2002,"F",0,NA,NA
"ERI",2003,"F",0,NA,NA
"ERI",2004,"F",0,NA,NA
"ERI",2005,"F",0,NA,NA
"ERI",2006,"F",0,NA,NA
"ERI",2007,"F",0,NA,NA
"ERI",2008,"F",0,NA,NA
"ERI",2009,"F",0,NA,NA
"ERI",2010,"F",0,NA,NA
"ERI",2011,"F",0,NA,NA
"ERI",2012,"F",0,NA,NA
"ERI",2013,"F",0,NA,NA
"ERI",2014,"F",0,NA,NA
"ERI",2015,"F",0,NA,NA
"ERI",2016,"F",0,NA,NA
"ERI",2017,"F",0,NA,NA
"ERI",2018,"F",0,NA,NA
"ERI",2019,"F",0,NA,NA
"ERI",2020,"F",0,NA,NA
"ERI",2021,"F",0,NA,NA
"ETH",2000,"F",0,NA,NA
"ETH",2001,"F",0,NA,NA
"ETH",2002,"F",0,NA,NA
"ETH",2003,"F",0,NA,NA
"ETH",2004,"F",0,NA,NA
"ETH",2005,"F",0,NA,NA
"ETH",2006,"F",0,NA,NA
"ETH",2007,"F",0,NA,NA
"ETH",2008,"F",0,NA,NA
"ETH",2009,"F",0,NA,NA
"ETH",2010,"F",0,NA,NA
"ETH",2011,"F",0,NA,NA
"ETH",2012,"F",0,NA,NA
"ETH",2013,"F",0,NA,NA
"ETH",2014,"F",0,NA,NA
"ETH",2015,"F",0,NA,NA
"ETH",2016,"F",0,NA,NA
"ETH",2017,"F",0,NA,NA
"ETH",2018,"F",0,NA,NA
"ETH",2019,"F",0,NA,NA
"ETH",2020,"F",0,NA,NA
"ETH",2021,"F",0,NA,NA
"FJI",2000,"F",0,NA,NA
"FJI",2001,"F",0,NA,NA
"FJI",2002,"F",0,NA,NA
"FJI",2003,"F",0,NA,NA
"FJI",2004,"F",0,NA,NA
"FJI",2005,"F",0,NA,NA
"FJI",2006,"F",0,NA,NA
"FJI",2007,"F",0,NA,NA
"FJI",2008,"F",0,NA,NA
"FJI",2009,"F",0,NA,NA
"FJI",2010,"F",0,NA,NA
"FJI",2011,"F",0,NA,NA
"FJI",2012,"F",0,NA,NA
"FJI",2013,"F",0,NA,NA
"FJI",2014,"F",0,NA,NA
"FJI",2015,"F",0,NA,NA
"FJI",2016,"F",0,NA,NA
"FJI",2017,"F",0,NA,NA
"FJI",2018,"F",0,NA,NA
"FJI",2019,"F",0,NA,NA
"FJI",2020,"F",0,NA,NA
"FJI",2021,"F",0,NA,NA
"FSM",2000,"F",0,NA,NA
"FSM",2001,"F",0,NA,NA
"FSM",2002,"F",0,NA,NA
"FSM",2003,"F",0,NA,NA
"FSM",2004,"F",0,NA,NA
"FSM",2005,"F",0,NA,NA
"FSM",2006,"F",0,NA,NA
"FSM",2007,"F",0,NA,NA
"FSM",2008,"F",0,NA,NA
"FSM",2009,"F",0,NA,NA
"FSM",2010,"F",0,NA,NA
"FSM",2011,"F",0,NA,NA
"FSM",2012,"F",0,NA,NA
"FSM",2013,"F",0,NA,NA
"FSM",2014,"F",0,NA,NA
"FSM",2015,"F",0,NA,NA
"FSM",2016,"F",0,NA,NA
"FSM",2017,"F",0,NA,NA
"FSM",2018,"F",0,NA,NA
"FSM",2019,"F",0,NA,NA
"FSM",2020,"F",0,NA,NA
"FSM",2021,"F",0,NA,NA
"GAB",2000,"F",0,NA,NA
"GAB",2001,"F",0,NA,NA
"GAB",2002,"F",0,NA,NA
"GAB",2003,"F",0,NA,NA
"GAB",2004,"F",0,NA,NA
"GAB",2005,"F",0,NA,NA
"GAB",2006,"F",0,NA,NA
"GAB",2007,"F",0,NA,NA
"GAB",2008,"F",0,NA,NA
"GAB",2009,"F",0,NA,NA
"GAB",2010,"F",0,NA,NA
"GAB",2011,"F",0,NA,NA
"GAB",2012,"F",0,NA,NA
"GAB",2013,"F",0,NA,NA
"GAB",2014,"F",0,NA,NA
"GAB",2015,"F",0,NA,NA
"GAB",2016,"F",0,NA,NA
"GAB",2017,"F",0,NA,NA
"GAB",2018,"F",0,NA,NA
"GAB",2019,"F",0,NA,NA
"GAB",2020,"F",0,NA,NA
"GAB",2021,"F",0,NA,NA
"GEO",2000,"F",0,NA,NA
"GEO",2001,"F",0,NA,NA
"GEO",2002,"F",0,NA,NA
"GEO",2003,"F",0,NA,NA
"GEO",2004,"F",0,NA,NA
"GEO",2005,"F",0,NA,NA
"GEO",2006,"F",0,NA,NA
"GEO",2007,"F",0,NA,NA
"GEO",2008,"F",0,NA,NA
"GEO",2009,"F",0,NA,NA
"GEO",2010,"F",0,NA,NA
"GEO",2011,"F",0,NA,NA
"GEO",2012,"F",0,NA,NA
"GEO",2013,"F",0,NA,NA
"GEO",2014,"F",0,NA,NA
"GEO",2015,"F",0,NA,NA
"GEO",2016,"F",0,NA,NA
"GEO",2017,"F",0,NA,NA
"GEO",2018,"F",0,NA,NA
"GEO",2019,"F",0,NA,NA
"GEO",2020,"F",0,NA,NA
"GEO",2021,"F",0,NA,NA
"GHA",2000,"F",0,NA,NA
"GHA",2001,"F",0,NA,NA
"GHA",2002,"F",0,NA,NA
"GHA",2003,"F",0,NA,NA
"GHA",2004,"F",0,NA,NA
"GHA",2005,"F",0,NA,NA
"GHA",2006,"F",0,NA,NA
"GHA",2007,"F",0,NA,NA
"GHA",2008,"F",0,NA,NA
"GHA",2009,"F",0,NA,NA
"GHA",2010,"F",0,NA,NA
"GHA",2011,"F",0,NA,NA
"GHA",2012,"F",0,NA,NA
"GHA",2013,"F",0,NA,NA
"GHA",2014,"F",0,NA,NA
"GHA",2015,"F",0,NA,NA
"GHA",2016,"F",0,NA,NA
"GHA",2017,"F",0,NA,NA
"GHA",2018,"F",0,NA,NA
"GHA",2019,"F",0,NA,NA
"GHA",2020,"F",0,NA,NA
"GHA",2021,"F",0,NA,NA
"GIN",2000,"F",0,NA,NA
"GIN",2001,"F",0,NA,NA
"GIN",2002,"F",0,NA,NA
"GIN",2003,"F",0,NA,NA
"GIN",2004,"F",0,NA,NA
"GIN",2005,"F",0,NA,NA
"GIN",2006,"F",0,NA,NA
"GIN",2007,"F",0,NA,NA
"GIN",2008,"F",0,NA,NA
"GIN",2009,"F",0,NA,NA
"GIN",2010,"F",0,NA,NA
"GIN",2011,"F",0,NA,NA
"GIN",2012,"F",0,NA,NA
"GIN",2013,"F",0,NA,NA
"GIN",2014,"F",0,NA,NA
"GIN",2015,"F",0,NA,NA
"GIN",2016,"F",0,NA,NA
"GIN",2017,"F",0,NA,NA
"GIN",2018,"F",0,NA,NA
"GIN",2019,"F",0,NA,NA
"GIN",2020,"F",0,NA,NA
"GIN",2021,"F",0,NA,NA
"GMB",2000,"F",0,NA,NA
"GMB",2001,"F",0,NA,NA
"GMB",2002,"F",0,NA,NA
"GMB",2003,"F",0,NA,NA
"GMB",2004,"F",0,NA,NA
"GMB",2005,"F",0,NA,NA
"GMB",2006,"F",0,NA,NA
"GMB",2007,"F",0,NA,NA
"GMB",2008,"F",0,NA,NA
"GMB",2009,"F",0,NA,NA
"GMB",2010,"F",0,NA,NA
"GMB",2011,"F",0,NA,NA
"GMB",2012,"F",0,NA,NA
"GMB",2013,"F",0,NA,NA
"GMB",2014,"F",0,NA,NA
"GMB",2015,"F",0,NA,NA
"GMB",2016,"F",0,NA,NA
"GMB",2017,"F",0,NA,NA
"GMB",2018,"F",0,NA,NA
"GMB",2019,"F",0,NA,NA
"GMB",2020,"F",0,NA,NA
"GMB",2021,"F",0,NA,NA
"GNB",2000,"F",0,NA,NA
"GNB",2001,"F",0,NA,NA
"GNB",2002,"F",0,NA,NA
"GNB",2003,"F",0,NA,NA
"GNB",2004,"F",0,NA,NA
"GNB",2005,"F",0,NA,NA
"GNB",2006,"F",0,NA,NA
"GNB",2007,"F",0,NA,NA
"GNB",2008,"F",0,NA,NA
"GNB",2009,"F",0,NA,NA
"GNB",2010,"F",0,NA,NA
"GNB",2011,"F",0,NA,NA
"GNB",2012,"F",0,NA,NA
"GNB",2013,"F",0,NA,NA
"GNB",2014,"F",0,NA,NA
"GNB",2015,"F",0,NA,NA
"GNB",2016,"F",0,NA,NA
"GNB",2017,"F",0,NA,NA
"GNB",2018,"F",0,NA,NA
"GNB",2019,"F",0,NA,NA
"GNB",2020,"F",0,NA,NA
"GNB",2021,"F",0,NA,NA
"GNQ",2000,"F",0,NA,NA
"GNQ",2001,"F",0,NA,NA
"GNQ",2002,"F",0,NA,NA
"GNQ",2003,"F",0,NA,NA
"GNQ",2004,"F",0,NA,NA
"GNQ",2005,"F",0,NA,NA
"GNQ",2006,"F",0,NA,NA
"GNQ",2007,"F",0,NA,NA
"GNQ",2008,"F",0,NA,NA
"GNQ",2009,"F",0,NA,NA
"GNQ",2010,"F",0,NA,NA
"GNQ",2011,"F",0,NA,NA
"GNQ",2012,"F",0,NA,NA
"GNQ",2013,"F",0,NA,NA
"GNQ",2014,"F",0,NA,NA
"GNQ",2015,"F",0,NA,NA
"GNQ",2016,"F",0,NA,NA
"GNQ",2017,"F",0,NA,NA
"GNQ",2018,"F",0,NA,NA
"GNQ",2019,"F",0,NA,NA
"GNQ",2020,"F",0,NA,NA
"GNQ",2021,"F",0,NA,NA
"GTM",2000,"F",0,NA,NA
"GTM",2001,"F",0,NA,NA
"GTM",2002,"F",0,NA,NA
"GTM",2003,"F",0,NA,NA
"GTM",2004,"F",0,NA,NA
"GTM",2005,"F",0,NA,NA
"GTM",2006,"F",0,NA,NA
"GTM",2007,"F",0,NA,NA
"GTM",2008,"F",0,NA,NA
"GTM",2009,"F",0,NA,NA
"GTM",2010,"F",0,NA,NA
"GTM",2011,"F",0,NA,NA
"GTM",2012,"F",0,NA,NA
"GTM",2013,"F",0,NA,NA
"GTM",2014,"F",0,NA,NA
"GTM",2015,"F",0,NA,NA
"GTM",2016,"F",0,NA,NA
"GTM",2017,"F",0,NA,NA
"GTM",2018,"F",0,NA,NA
"GTM",2019,"F",0,NA,NA
"GTM",2020,"F",0,NA,NA
"GTM",2021,"F",0,NA,NA
"HND",2000,"F",0,NA,NA
"HND",2001,"F",0,NA,NA
"HND",2002,"F",0,NA,NA
"HND",2003,"F",0,NA,NA
"HND",2004,"F",0,NA,NA
"HND",2005,"F",0,NA,NA
"HND",2006,"F",0,NA,NA
"HND",2007,"F",0,NA,NA
"HND",2008,"F",0,NA,NA
"HND",2009,"F",0,NA,NA
"HND",2010,"F",0,NA,NA
"HND",2011,"F",0,NA,NA
"HND",2012,"F",0,NA,NA
"HND",2013,"F",0,NA,NA
"HND",2014,"F",0,NA,NA
"HND",2015,"F",0,NA,NA
"HND",2016,"F",0,NA,NA
"HND",2017,"F",0,NA,NA
"HND",2018,"F",0,NA,NA
"HND",2019,"F",0,NA,NA
"HND",2020,"F",0,NA,NA
"HND",2021,"F",0,NA,NA
"HTI",2000,"F",0,NA,NA
"HTI",2001,"F",0,NA,NA
"HTI",2002,"F",0,NA,NA
"HTI",2003,"F",0,NA,NA
"HTI",2004,"F",0,NA,NA
"HTI",2005,"F",0,NA,NA
"HTI",2006,"F",0,NA,NA
"HTI",2007,"F",0,NA,NA
"HTI",2008,"F",0,NA,NA
"HTI",2009,"F",0,NA,NA
"HTI",2010,"F",0,NA,NA
"HTI",2011,"F",0,NA,NA
"HTI",2012,"F",0,NA,NA
"HTI",2013,"F",0,NA,NA
"HTI",2014,"F",0,NA,NA
"HTI",2015,"F",0,NA,NA
"HTI",2016,"F",0,NA,NA
"HTI",2017,"F",0,NA,NA
"HTI",2018,"F",0,NA,NA
"HTI",2019,"F",0,NA,NA
"HTI",2020,"F",0,NA,NA
"HTI",2021,"F",0,NA,NA
"IDN",2000,"F",0,NA,NA
"IDN",2001,"F",0,NA,NA
"IDN",2002,"F",0,NA,NA
"IDN",2003,"F",0,NA,NA
"IDN",2004,"F",0,NA,NA
"IDN",2005,"F",0,NA,NA
"IDN",2006,"F",0,NA,NA
"IDN",2007,"F",0,NA,NA
"IDN",2008,"F",0,NA,NA
"IDN",2009,"F",0,NA,NA
"IDN",2010,"F",0,NA,NA
"IDN",2011,"F",0,NA,NA
"IDN",2012,"F",0,NA,NA
"IDN",2013,"F",0,NA,NA
"IDN",2014,"F",0,NA,NA
"IDN",2015,"F",0,NA,NA
"IDN",2016,"F",0,NA,NA
"IDN",2017,"F",0,NA,NA
"IDN",2018,"F",0,NA,NA
"IDN",2019,"F",0,NA,NA
"IDN",2020,"F",0,NA,NA
"IDN",2021,"F",0,NA,NA
"IND",2000,"F",0,NA,NA
"IND",2001,"F",0,NA,NA
"IND",2002,"F",0,NA,NA
"IND",2003,"F",0,NA,NA
"IND",2004,"F",0,NA,NA
"IND",2005,"F",0,NA,NA
"IND",2006,"F",0,NA,NA
"IND",2007,"F",0,NA,NA
"IND",2008,"F",0,NA,NA
"IND",2009,"F",0,NA,NA
"IND",2010,"F",0,NA,NA
"IND",2011,"F",0,NA,NA
"IND",2012,"F",0,NA,NA
"IND",2013,"F",0,NA,NA
"IND",2014,"F",0,NA,NA
"IND",2015,"F",0,NA,NA
"IND",2016,"F",0,NA,NA
"IND",2017,"F",0,NA,NA
"IND",2018,"F",0,NA,NA
"IND",2019,"F",0,NA,NA
"IND",2020,"F",0,NA,NA
"IND",2021,"F",0,NA,NA
"IRN",2000,"F",0,NA,NA
"IRN",2001,"F",0,NA,NA
"IRN",2002,"F",0,NA,NA
"IRN",2003,"F",0,NA,NA
"IRN",2004,"F",0,NA,NA
"IRN",2005,"F",0,NA,NA
"IRN",2006,"F",0,NA,NA
"IRN",2007,"F",0,NA,NA
"IRN",2008,"F",0,NA,NA
"IRN",2009,"F",0,NA,NA
"IRN",2010,"F",0,NA,NA
"IRN",2011,"F",0,NA,NA
"IRN",2012,"F",0,NA,NA
"IRN",2013,"F",0,NA,NA
"IRN",2014,"F",0,NA,NA
"IRN",2015,"F",0,NA,NA
"IRN",2016,"F",0,NA,NA
"IRN",2017,"F",0,NA,NA
"IRN",2018,"F",0,NA,NA
"IRN",2019,"F",0,NA,NA
"IRN",2020,"F",0,NA,NA
"IRN",2021,"F",0,NA,NA
"IRQ",2000,"F",0,NA,NA
"IRQ",2001,"F",0,NA,NA
"IRQ",2002,"F",0,NA,NA
"IRQ",2003,"F",0,NA,NA
"IRQ",2004,"F",0,NA,NA
"IRQ",2005,"F",0,NA,NA
"IRQ",2006,"F",0,NA,NA
"IRQ",2007,"F",0,NA,NA
"IRQ",2008,"F",0,NA,NA
"IRQ",2009,"F",0,NA,NA
"IRQ",2010,"F",0,NA,NA
"IRQ",2011,"F",0,NA,NA
"IRQ",2012,"F",0,NA,NA
"IRQ",2013,"F",0,NA,NA
"IRQ",2014,"F",0,NA,NA
"IRQ",2015,"F",0,NA,NA
"IRQ",2016,"F",0,NA,NA
"IRQ",2017,"F",0,NA,NA
"IRQ",2018,"F",0,NA,NA
"IRQ",2019,"F",0,NA,NA
"IRQ",2020,"F",0,NA,NA
"IRQ",2021,"F",0,NA,NA
"JAM",2000,"F",0,NA,NA
"JAM",2001,"F",0,NA,NA
"JAM",2002,"F",0,NA,NA
"JAM",2003,"F",0,NA,NA
"JAM",2004,"F",0,NA,NA
"JAM",2005,"F",0,NA,NA
"JAM",2006,"F",0,NA,NA
"JAM",2007,"F",0,NA,NA
"JAM",2008,"F",0,NA,NA
"JAM",2009,"F",0,NA,NA
"JAM",2010,"F",0,NA,NA
"JAM",2011,"F",0,NA,NA
"JAM",2012,"F",0,NA,NA
"JAM",2013,"F",0,NA,NA
"JAM",2014,"F",0,NA,NA
"JAM",2015,"F",0,NA,NA
"JAM",2016,"F",0,NA,NA
"JAM",2017,"F",0,NA,NA
"JAM",2018,"F",0,NA,NA
"JAM",2019,"F",0,NA,NA
"JAM",2020,"F",0,NA,NA
"JAM",2021,"F",0,NA,NA
"JOR",2000,"F",0,NA,NA
"JOR",2001,"F",0,NA,NA
"JOR",2002,"F",0,NA,NA
"JOR",2003,"F",0,NA,NA
"JOR",2004,"F",0,NA,NA
"JOR",2005,"F",0,NA,NA
"JOR",2006,"F",0,NA,NA
"JOR",2007,"F",0,NA,NA
"JOR",2008,"F",0,NA,NA
"JOR",2009,"F",0,NA,NA
"JOR",2010,"F",0,NA,NA
"JOR",2011,"F",0,NA,NA
"JOR",2012,"F",0,NA,NA
"JOR",2013,"F",0,NA,NA
"JOR",2014,"F",0,NA,NA
"JOR",2015,"F",0,NA,NA
"JOR",2016,"F",0,NA,NA
"JOR",2017,"F",0,NA,NA
"JOR",2018,"F",0,NA,NA
"JOR",2019,"F",0,NA,NA
"JOR",2020,"F",0,NA,NA
"JOR",2021,"F",0,NA,NA
"KAZ",2000,"F",0,NA,NA
"KAZ",2001,"F",0,NA,NA
"KAZ",2002,"F",0,NA,NA
"KAZ",2003,"F",0,NA,NA
"KAZ",2004,"F",0,NA,NA
"KAZ",2005,"F",0,NA,NA
"KAZ",2006,"F",0,NA,NA
"KAZ",2007,"F",0,NA,NA
"KAZ",2008,"F",0,NA,NA
"KAZ",2009,"F",0,NA,NA
"KAZ",2010,"F",0,NA,NA
"KAZ",2011,"F",0,NA,NA
"KAZ",2012,"F",0,NA,NA
"KAZ",2013,"F",0,NA,NA
"KAZ",2014,"F",0,NA,NA
"KAZ",2015,"F",0,NA,NA
"KAZ",2016,"F",0,NA,NA
"KAZ",2017,"F",0,NA,NA
"KAZ",2018,"F",0,NA,NA
"KAZ",2019,"F",0,NA,NA
"KAZ",2020,"F",0,NA,NA
"KAZ",2021,"F",0,NA,NA
"KEN",2000,"F",0,NA,NA
"KEN",2001,"F",0,NA,NA
"KEN",2002,"F",0,NA,NA
"KEN",2003,"F",0,NA,NA
"KEN",2004,"F",0,NA,NA
"KEN",2005,"F",0,NA,NA
"KEN",2006,"F",0,NA,NA
"KEN",2007,"F",0,NA,NA
"KEN",2008,"F",0,NA,NA
"KEN",2009,"F",0,NA,NA
"KEN",2010,"F",0,NA,NA
"KEN",2011,"F",0,NA,NA
"KEN",2012,"F",0,NA,NA
"KEN",2013,"F",0,NA,NA
"KEN",2014,"F",0,NA,NA
"KEN",2015,"F",0,NA,NA
"KEN",2016,"F",0,NA,NA
"KEN",2017,"F",0,NA,NA
"KEN",2018,"F",0,NA,NA
"KEN",2019,"F",0,NA,NA
"KEN",2020,"F",0,NA,NA
"KEN",2021,"F",0,NA,NA
"KGZ",2000,"F",0,NA,NA
"KGZ",2001,"F",0,NA,NA
"KGZ",2002,"F",0,NA,NA
"KGZ",2003,"F",0,NA,NA
"KGZ",2004,"F",0,NA,NA
"KGZ",2005,"F",0,NA,NA
"KGZ",2006,"F",0,NA,NA
"KGZ",2007,"F",0,NA,NA
"KGZ",2008,"F",0,NA,NA
"KGZ",2009,"F",0,NA,NA
"KGZ",2010,"F",0,NA,NA
"KGZ",2011,"F",0,NA,NA
"KGZ",2012,"F",0,NA,NA
"KGZ",2013,"F",0,NA,NA
"KGZ",2014,"F",0,NA,NA
"KGZ",2015,"F",0,NA,NA
"KGZ",2016,"F",0,NA,NA
"KGZ",2017,"F",0,NA,NA
"KGZ",2018,"F",0,NA,NA
"KGZ",2019,"F",0,NA,NA
"KGZ",2020,"F",0,NA,NA
"KGZ",2021,"F",0,NA,NA
"KHM",2000,"F",0,NA,NA
"KHM",2001,"F",0,NA,NA
"KHM",2002,"F",0,NA,NA
"KHM",2003,"F",0,NA,NA
"KHM",2004,"F",0,NA,NA
"KHM",2005,"F",0,NA,NA
"KHM",2006,"F",0,NA,NA
"KHM",2007,"F",0,NA,NA
"KHM",2008,"F",0,NA,NA
"KHM",2009,"F",0,NA,NA
"KHM",2010,"F",0,NA,NA
"KHM",2011,"F",0,NA,NA
"KHM",2012,"F",0,NA,NA
"KHM",2013,"F",0,NA,NA
"KHM",2014,"F",0,NA,NA
"KHM",2015,"F",0,NA,NA
"KHM",2016,"F",0,NA,NA
"KHM",2017,"F",0,NA,NA
"KHM",2018,"F",0,NA,NA
"KHM",2019,"F",0,NA,NA
"KHM",2020,"F",0,NA,NA
"KHM",2021,"F",0,NA,NA
"KIR",2000,"F",0,NA,NA
"KIR",2001,"F",0,NA,NA
"KIR",2002,"F",0,NA,NA
"KIR",2003,"F",0,NA,NA
"KIR",2004,"F",0,NA,NA
"KIR",2005,"F",0,NA,NA
"KIR",2006,"F",0,NA,NA
"KIR",2007,"F",0,NA,NA
"KIR",2008,"F",0,NA,NA
"KIR",2009,"F",0,NA,NA
"KIR",2010,"F",0,NA,NA
"KIR",2011,"F",0,NA,NA
"KIR",2012,"F",0,NA,NA
"KIR",2013,"F",0,NA,NA
"KIR",2014,"F",0,NA,NA
"KIR",2015,"F",0,NA,NA
"KIR",2016,"F",0,NA,NA
"KIR",2017,"F",0,NA,NA
"KIR",2018,"F",0,NA,NA
"KIR",2019,"F",0,NA,NA
"KIR",2020,"F",0,NA,NA
"KIR",2021,"F",0,NA,NA
"KNA",2000,"F",0,NA,NA
"KNA",2001,"F",0,NA,NA
"KNA",2002,"F",0,NA,NA
"KNA",2003,"F",0,NA,NA
"KNA",2004,"F",0,NA,NA
"KNA",2005,"F",0,NA,NA
"KNA",2006,"F",0,NA,NA
"KNA",2007,"F",0,NA,NA
"KNA",2008,"F",0,NA,NA
"KNA",2009,"F",0,NA,NA
"KNA",2010,"F",0,NA,NA
"KNA",2011,"F",0,NA,NA
"KNA",2012,"F",0,NA,NA
"KNA",2013,"F",0,NA,NA
"KNA",2014,"F",0,NA,NA
"KNA",2015,"F",0,NA,NA
"KNA",2016,"F",0,NA,NA
"KNA",2017,"F",0,NA,NA
"KNA",2018,"F",0,NA,NA
"KNA",2019,"F",0,NA,NA
"KNA",2020,"F",0,NA,NA
"KNA",2021,"F",0,NA,NA
"KWT",2000,"F",0,NA,NA
"KWT",2001,"F",0,NA,NA
"KWT",2002,"F",0,NA,NA
"KWT",2003,"F",0,NA,NA
"KWT",2004,"F",0,NA,NA
"KWT",2005,"F",0,NA,NA
"KWT",2006,"F",0,NA,NA
"KWT",2007,"F",0,NA,NA
"KWT",2008,"F",0,NA,NA
"KWT",2009,"F",0,NA,NA
"KWT",2010,"F",0,NA,NA
"KWT",2011,"F",0,NA,NA
"KWT",2012,"F",0,NA,NA
"KWT",2013,"F",0,NA,NA
"KWT",2014,"F",0,NA,NA
"KWT",2015,"F",0,NA,NA
"KWT",2016,"F",0,NA,NA
"KWT",2017,"F",0,NA,NA
"KWT",2018,"F",0,NA,NA
"KWT",2019,"F",0,NA,NA
"KWT",2020,"F",0,NA,NA
"KWT",2021,"F",0,NA,NA
"LAO",2000,"F",0,NA,NA
"LAO",2001,"F",0,NA,NA
"LAO",2002,"F",0,NA,NA
"LAO",2003,"F",0,NA,NA
"LAO",2004,"F",0,NA,NA
"LAO",2005,"F",0,NA,NA
"LAO",2006,"F",0,NA,NA
"LAO",2007,"F",0,NA,NA
"LAO",2008,"F",0,NA,NA
"LAO",2009,"F",0,NA,NA
"LAO",2010,"F",0,NA,NA
"LAO",2011,"F",0,NA,NA
"LAO",2012,"F",0,NA,NA
"LAO",2013,"F",0,NA,NA
"LAO",2014,"F",0,NA,NA
"LAO",2015,"F",0,NA,NA
"LAO",2016,"F",0,NA,NA
"LAO",2017,"F",0,NA,NA
"LAO",2018,"F",0,NA,NA
"LAO",2019,"F",0,NA,NA
"LAO",2020,"F",0,NA,NA
"LAO",2021,"F",0,NA,NA
"LBN",2000,"F",0,NA,NA
"LBN",2001,"F",0,NA,NA
"LBN",2002,"F",0,NA,NA
"LBN",2003,"F",0,NA,NA
"LBN",2004,"F",0,NA,NA
"LBN",2005,"F",0,NA,NA
"LBN",2006,"F",0,NA,NA
"LBN",2007,"F",0,NA,NA
"LBN",2008,"F",0,NA,NA
"LBN",2009,"F",0,NA,NA
"LBN",2010,"F",0,NA,NA
"LBN",2011,"F",0,NA,NA
"LBN",2012,"F",0,NA,NA
"LBN",2013,"F",0,NA,NA
"LBN",2014,"F",0,NA,NA
"LBN",2015,"F",0,NA,NA
"LBN",2016,"F",0,NA,NA
"LBN",2017,"F",0,NA,NA
"LBN",2018,"F",0,NA,NA
"LBN",2019,"F",0,NA,NA
"LBN",2020,"F",0,NA,NA
"LBN",2021,"F",0,NA,NA
"LBR",2000,"F",0,NA,NA
"LBR",2001,"F",0,NA,NA
"LBR",2002,"F",0,NA,NA
"LBR",2003,"F",0,NA,NA
"LBR",2004,"F",0,NA,NA
"LBR",2005,"F",0,NA,NA
"LBR",2006,"F",0,NA,NA
"LBR",2007,"F",0,NA,NA
"LBR",2008,"F",0,NA,NA
"LBR",2009,"F",0,NA,NA
"LBR",2010,"F",0,NA,NA
"LBR",2011,"F",0,NA,NA
"LBR",2012,"F",0,NA,NA
"LBR",2013,"F",0,NA,NA
"LBR",2014,"F",0,NA,NA
"LBR",2015,"F",0,NA,NA
"LBR",2016,"F",0,NA,NA
"LBR",2017,"F",0,NA,NA
"LBR",2018,"F",0,NA,NA
"LBR",2019,"F",0,NA,NA
"LBR",2020,"F",0,NA,NA
"LBR",2021,"F",0,NA,NA
"LBY",2000,"F",0,NA,NA
"LBY",2001,"F",0,NA,NA
"LBY",2002,"F",0,NA,NA
"LBY",2003,"F",0,NA,NA
"LBY",2004,"F",0,NA,NA
"LBY",2005,"F",0,NA,NA
"LBY",2006,"F",0,NA,NA
"LBY",2007,"F",0,NA,NA
"LBY",2008,"F",0,NA,NA
"LBY",2009,"F",0,NA,NA
"LBY",2010,"F",0,NA,NA
"LBY",2011,"F",0,NA,NA
"LBY",2012,"F",0,NA,NA
"LBY",2013,"F",0,NA,NA
"LBY",2014,"F",0,NA,NA
"LBY",2015,"F",0,NA,NA
"LBY",2016,"F",0,NA,NA
"LBY",2017,"F",0,NA,NA
"LBY",2018,"F",0,NA,NA
"LBY",2019,"F",0,NA,NA
"LBY",2020,"F",0,NA,NA
"LBY",2021,"F",0,NA,NA
"LKA",2000,"F",0,NA,NA
"LKA",2001,"F",0,NA,NA
"LKA",2002,"F",0,NA,NA
"LKA",2003,"F",0,NA,NA
"LKA",2004,"F",0,NA,NA
"LKA",2005,"F",0,NA,NA
"LKA",2006,"F",0,NA,NA
"LKA",2007,"F",0,NA,NA
"LKA",2008,"F",0,NA,NA
"LKA",2009,"F",0,NA,NA
"LKA",2010,"F",0,NA,NA
"LKA",2011,"F",0,NA,NA
"LKA",2012,"F",0,NA,NA
"LKA",2013,"F",0,NA,NA
"LKA",2014,"F",0,NA,NA
"LKA",2015,"F",0,NA,NA
"LKA",2016,"F",0,NA,NA
"LKA",2017,"F",0,NA,NA
"LKA",2018,"F",0,NA,NA
"LKA",2019,"F",0,NA,NA
"LKA",2020,"F",0,NA,NA
"LKA",2021,"F",0,NA,NA
"LSO",2000,"F",0,NA,NA
"LSO",2001,"F",0,NA,NA
"LSO",2002,"F",0,NA,NA
"LSO",2003,"F",0,NA,NA
"LSO",2004,"F",0,NA,NA
"LSO",2005,"F",0,NA,NA
"LSO",2006,"F",0,NA,NA
"LSO",2007,"F",0,NA,NA
"LSO",2008,"F",0,NA,NA
"LSO",2009,"F",0,NA,NA
"LSO",2010,"F",0,NA,NA
"LSO",2011,"F",0,NA,NA
"LSO",2012,"F",0,NA,NA
"LSO",2013,"F",0,NA,NA
"LSO",2014,"F",0,NA,NA
"LSO",2015,"F",0,NA,NA
"LSO",2016,"F",0,NA,NA
"LSO",2017,"F",0,NA,NA
"LSO",2018,"F",0,NA,NA
"LSO",2019,"F",0,NA,NA
"LSO",2020,"F",0,NA,NA
"LSO",2021,"F",0,NA,NA
"MAR",2000,"F",0,NA,NA
"MAR",2001,"F",0,NA,NA
"MAR",2002,"F",0,NA,NA
"MAR",2003,"F",0,NA,NA
"MAR",2004,"F",0,NA,NA
"MAR",2005,"F",0,NA,NA
"MAR",2006,"F",0,NA,NA
"MAR",2007,"F",0,NA,NA
"MAR",2008,"F",0,NA,NA
"MAR",2009,"F",0,NA,NA
"MAR",2010,"F",0,NA,NA
"MAR",2011,"F",0,NA,NA
"MAR",2012,"F",0,NA,NA
"MAR",2013,"F",0,NA,NA
"MAR",2014,"F",0,NA,NA
"MAR",2015,"F",0,NA,NA
"MAR",2016,"F",0,NA,NA
"MAR",2017,"F",0,NA,NA
"MAR",2018,"F",0,NA,NA
"MAR",2019,"F",0,NA,NA
"MAR",2020,"F",0,NA,NA
"MAR",2021,"F",0,NA,NA
"MCO",2000,"F",0,NA,NA
"MCO",2001,"F",0,NA,NA
"MCO",2002,"F",0,NA,NA
"MCO",2003,"F",0,NA,NA
"MCO",2004,"F",0,NA,NA
"MCO",2005,"F",0,NA,NA
"MCO",2006,"F",0,NA,NA
"MCO",2007,"F",0,NA,NA
"MCO",2008,"F",0,NA,NA
"MCO",2009,"F",0,NA,NA
"MCO",2010,"F",0,NA,NA
"MCO",2011,"F",0,NA,NA
"MCO",2012,"F",0,NA,NA
"MCO",2013,"F",0,NA,NA
"MCO",2014,"F",0,NA,NA
"MCO",2015,"F",0,NA,NA
"MCO",2016,"F",0,NA,NA
"MCO",2017,"F",0,NA,NA
"MCO",2018,"F",0,NA,NA
"MCO",2019,"F",0,NA,NA
"MCO",2020,"F",0,NA,NA
"MCO",2021,"F",0,NA,NA
"MDG",2000,"F",0,NA,NA
"MDG",2001,"F",0,NA,NA
"MDG",2002,"F",0,NA,NA
"MDG",2003,"F",0,NA,NA
"MDG",2004,"F",0,NA,NA
"MDG",2005,"F",0,NA,NA
"MDG",2006,"F",0,NA,NA
"MDG",2007,"F",0,NA,NA
"MDG",2008,"F",0,NA,NA
"MDG",2009,"F",0,NA,NA
"MDG",2010,"F",0,NA,NA
"MDG",2011,"F",0,NA,NA
"MDG",2012,"F",0,NA,NA
"MDG",2013,"F",0,NA,NA
"MDG",2014,"F",0,NA,NA
"MDG",2015,"F",0,NA,NA
"MDG",2016,"F",0,NA,NA
"MDG",2017,"F",0,NA,NA
"MDG",2018,"F",0,NA,NA
"MDG",2019,"F",0,NA,NA
"MDG",2020,"F",0,NA,NA
"MDG",2021,"F",0,NA,NA
"MDV",2000,"F",0,NA,NA
"MDV",2001,"F",0,NA,NA
"MDV",2002,"F",0,NA,NA
"MDV",2003,"F",0,NA,NA
"MDV",2004,"F",0,NA,NA
"MDV",2005,"F",0,NA,NA
"MDV",2006,"F",0,NA,NA
"MDV",2007,"F",0,NA,NA
"MDV",2008,"F",0,NA,NA
"MDV",2009,"F",0,NA,NA
"MDV",2010,"F",0,NA,NA
"MDV",2011,"F",0,NA,NA
"MDV",2012,"F",0,NA,NA
"MDV",2013,"F",0,NA,NA
"MDV",2014,"F",0,NA,NA
"MDV",2015,"F",0,NA,NA
"MDV",2016,"F",0,NA,NA
"MDV",2017,"F",0,NA,NA
"MDV",2018,"F",0,NA,NA
"MDV",2019,"F",0,NA,NA
"MDV",2020,"F",0,NA,NA
"MDV",2021,"F",0,NA,NA
"MHL",2000,"F",0,NA,NA
"MHL",2001,"F",0,NA,NA
"MHL",2002,"F",0,NA,NA
"MHL",2003,"F",0,NA,NA
"MHL",2004,"F",0,NA,NA
"MHL",2005,"F",0,NA,NA
"MHL",2006,"F",0,NA,NA
"MHL",2007,"F",0,NA,NA
"MHL",2008,"F",0,NA,NA
"MHL",2009,"F",0,NA,NA
"MHL",2010,"F",0,NA,NA
"MHL",2011,"F",0,NA,NA
"MHL",2012,"F",0,NA,NA
"MHL",2013,"F",0,NA,NA
"MHL",2014,"F",0,NA,NA
"MHL",2015,"F",0,NA,NA
"MHL",2016,"F",0,NA,NA
"MHL",2017,"F",0,NA,NA
"MHL",2018,"F",0,NA,NA
"MHL",2019,"F",0,NA,NA
"MHL",2020,"F",0,NA,NA
"MHL",2021,"F",0,NA,NA
"MLI",2000,"F",0,NA,NA
"MLI",2001,"F",0,NA,NA
"MLI",2002,"F",0,NA,NA
"MLI",2003,"F",0,NA,NA
"MLI",2004,"F",0,NA,NA
"MLI",2005,"F",0,NA,NA
"MLI",2006,"F",0,NA,NA
"MLI",2007,"F",0,NA,NA
"MLI",2008,"F",0,NA,NA
"MLI",2009,"F",0,NA,NA
"MLI",2010,"F",0,NA,NA
"MLI",2011,"F",0,NA,NA
"MLI",2012,"F",0,NA,NA
"MLI",2013,"F",0,NA,NA
"MLI",2014,"F",0,NA,NA
"MLI",2015,"F",0,NA,NA
"MLI",2016,"F",0,NA,NA
"MLI",2017,"F",0,NA,NA
"MLI",2018,"F",0,NA,NA
"MLI",2019,"F",0,NA,NA
"MLI",2020,"F",0,NA,NA
"MLI",2021,"F",0,NA,NA
"MMR",2000,"F",0,NA,NA
"MMR",2001,"F",0,NA,NA
"MMR",2002,"F",0,NA,NA
"MMR",2003,"F",0,NA,NA
"MMR",2004,"F",0,NA,NA
"MMR",2005,"F",0,NA,NA
"MMR",2006,"F",0,NA,NA
"MMR",2007,"F",0,NA,NA
"MMR",2008,"F",0,NA,NA
"MMR",2009,"F",0,NA,NA
"MMR",2010,"F",0,NA,NA
"MMR",2011,"F",0,NA,NA
"MMR",2012,"F",0,NA,NA
"MMR",2013,"F",0,NA,NA
"MMR",2014,"F",0,NA,NA
"MMR",2015,"F",0,NA,NA
"MMR",2016,"F",0,NA,NA
"MMR",2017,"F",0,NA,NA
"MMR",2018,"F",0,NA,NA
"MMR",2019,"F",0,NA,NA
"MMR",2020,"F",0,NA,NA
"MMR",2021,"F",0,NA,NA
"MNE",2000,"F",0,NA,NA
"MNE",2001,"F",0,NA,NA
"MNE",2002,"F",0,NA,NA
"MNE",2003,"F",0,NA,NA
"MNE",2004,"F",0,NA,NA
"MNE",2005,"F",0,NA,NA
"MNE",2006,"F",0,NA,NA
"MNE",2007,"F",0,NA,NA
"MNE",2008,"F",0,NA,NA
"MNE",2009,"F",0,NA,NA
"MNE",2010,"F",0,NA,NA
"MNE",2011,"F",0,NA,NA
"MNE",2012,"F",0,NA,NA
"MNE",2013,"F",0,NA,NA
"MNE",2014,"F",0,NA,NA
"MNE",2015,"F",0,NA,NA
"MNE",2016,"F",0,NA,NA
"MNE",2017,"F",0,NA,NA
"MNE",2018,"F",0,NA,NA
"MNE",2019,"F",0,NA,NA
"MNE",2020,"F",0,NA,NA
"MNE",2021,"F",0,NA,NA
"MNG",2000,"F",0,NA,NA
"MNG",2001,"F",0,NA,NA
"MNG",2002,"F",0,NA,NA
"MNG",2003,"F",0,NA,NA
"MNG",2004,"F",0,NA,NA
"MNG",2005,"F",0,NA,NA
"MNG",2006,"F",0,NA,NA
"MNG",2007,"F",0,NA,NA
"MNG",2008,"F",0,NA,NA
"MNG",2009,"F",0,NA,NA
"MNG",2010,"F",0,NA,NA
"MNG",2011,"F",0,NA,NA
"MNG",2012,"F",0,NA,NA
"MNG",2013,"F",0,NA,NA
"MNG",2014,"F",0,NA,NA
"MNG",2015,"F",0,NA,NA
"MNG",2016,"F",0,NA,NA
"MNG",2017,"F",0,NA,NA
"MNG",2018,"F",0,NA,NA
"MNG",2019,"F",0,NA,NA
"MNG",2020,"F",0,NA,NA
"MNG",2021,"F",0,NA,NA
"MOZ",2000,"F",0,NA,NA
"MOZ",2001,"F",0,NA,NA
"MOZ",2002,"F",0,NA,NA
"MOZ",2003,"F",0,NA,NA
"MOZ",2004,"F",0,NA,NA
"MOZ",2005,"F",0,NA,NA
"MOZ",2006,"F",0,NA,NA
"MOZ",2007,"F",0,NA,NA
"MOZ",2008,"F",0,NA,NA
"MOZ",2009,"F",0,NA,NA
"MOZ",2010,"F",0,NA,NA
"MOZ",2011,"F",0,NA,NA
"MOZ",2012,"F",0,NA,NA
"MOZ",2013,"F",0,NA,NA
"MOZ",2014,"F",0,NA,NA
"MOZ",2015,"F",0,NA,NA
"MOZ",2016,"F",0,NA,NA
"MOZ",2017,"F",0,NA,NA
"MOZ",2018,"F",0,NA,NA
"MOZ",2019,"F",0,NA,NA
"MOZ",2020,"F",0,NA,NA
"MOZ",2021,"F",0,NA,NA
"MRT",2000,"F",0,NA,NA
"MRT",2001,"F",0,NA,NA
"MRT",2002,"F",0,NA,NA
"MRT",2003,"F",0,NA,NA
"MRT",2004,"F",0,NA,NA
"MRT",2005,"F",0,NA,NA
"MRT",2006,"F",0,NA,NA
"MRT",2007,"F",0,NA,NA
"MRT",2008,"F",0,NA,NA
"MRT",2009,"F",0,NA,NA
"MRT",2010,"F",0,NA,NA
"MRT",2011,"F",0,NA,NA
"MRT",2012,"F",0,NA,NA
"MRT",2013,"F",0,NA,NA
"MRT",2014,"F",0,NA,NA
"MRT",2015,"F",0,NA,NA
"MRT",2016,"F",0,NA,NA
"MRT",2017,"F",0,NA,NA
"MRT",2018,"F",0,NA,NA
"MRT",2019,"F",0,NA,NA
"MRT",2020,"F",0,NA,NA
"MRT",2021,"F",0,NA,NA
"MWI",2000,"F",0,NA,NA
"MWI",2001,"F",0,NA,NA
"MWI",2002,"F",0,NA,NA
"MWI",2003,"F",0,NA,NA
"MWI",2004,"F",0,NA,NA
"MWI",2005,"F",0,NA,NA
"MWI",2006,"F",0,NA,NA
"MWI",2007,"F",0,NA,NA
"MWI",2008,"F",0,NA,NA
"MWI",2009,"F",0,NA,NA
"MWI",2010,"F",0,NA,NA
"MWI",2011,"F",0,NA,NA
"MWI",2012,"F",0,NA,NA
"MWI",2013,"F",0,NA,NA
"MWI",2014,"F",0,NA,NA
"MWI",2015,"F",0,NA,NA
"MWI",2016,"F",0,NA,NA
"MWI",2017,"F",0,NA,NA
"MWI",2018,"F",0,NA,NA
"MWI",2019,"F",0,NA,NA
"MWI",2020,"F",0,NA,NA
"MWI",2021,"F",0,NA,NA
"MYS",2000,"F",0,NA,NA
"MYS",2001,"F",0,NA,NA
"MYS",2002,"F",0,NA,NA
"MYS",2003,"F",0,NA,NA
"MYS",2004,"F",0,NA,NA
"MYS",2005,"F",0,NA,NA
"MYS",2006,"F",0,NA,NA
"MYS",2007,"F",0,NA,NA
"MYS",2008,"F",0,NA,NA
"MYS",2009,"F",0,NA,NA
"MYS",2010,"F",0,NA,NA
"MYS",2011,"F",0,NA,NA
"MYS",2012,"F",0,NA,NA
"MYS",2013,"F",0,NA,NA
"MYS",2014,"F",0,NA,NA
"MYS",2015,"F",0,NA,NA
"MYS",2016,"F",0,NA,NA
"MYS",2017,"F",0,NA,NA
"MYS",2018,"F",0,NA,NA
"MYS",2019,"F",0,NA,NA
"MYS",2020,"F",0,NA,NA
"MYS",2021,"F",0,NA,NA
"NAM",2000,"F",0,NA,NA
"NAM",2001,"F",0,NA,NA
"NAM",2002,"F",0,NA,NA
"NAM",2003,"F",0,NA,NA
"NAM",2004,"F",0,NA,NA
"NAM",2005,"F",0,NA,NA
"NAM",2006,"F",0,NA,NA
"NAM",2007,"F",0,NA,NA
"NAM",2008,"F",0,NA,NA
"NAM",2009,"F",0,NA,NA
"NAM",2010,"F",0,NA,NA
"NAM",2011,"F",0,NA,NA
"NAM",2012,"F",0,NA,NA
"NAM",2013,"F",0,NA,NA
"NAM",2014,"F",0,NA,NA
"NAM",2015,"F",0,NA,NA
"NAM",2016,"F",0,NA,NA
"NAM",2017,"F",0,NA,NA
"NAM",2018,"F",0,NA,NA
"NAM",2019,"F",0,NA,NA
"NAM",2020,"F",0,NA,NA
"NAM",2021,"F",0,NA,NA
"NER",2000,"F",0,NA,NA
"NER",2001,"F",0,NA,NA
"NER",2002,"F",0,NA,NA
"NER",2003,"F",0,NA,NA
"NER",2004,"F",0,NA,NA
"NER",2005,"F",0,NA,NA
"NER",2006,"F",0,NA,NA
"NER",2007,"F",0,NA,NA
"NER",2008,"F",0,NA,NA
"NER",2009,"F",0,NA,NA
"NER",2010,"F",0,NA,NA
"NER",2011,"F",0,NA,NA
"NER",2012,"F",0,NA,NA
"NER",2013,"F",0,NA,NA
"NER",2014,"F",0,NA,NA
"NER",2015,"F",0,NA,NA
"NER",2016,"F",0,NA,NA
"NER",2017,"F",0,NA,NA
"NER",2018,"F",0,NA,NA
"NER",2019,"F",0,NA,NA
"NER",2020,"F",0,NA,NA
"NER",2021,"F",0,NA,NA
"NGA",2000,"F",0,NA,NA
"NGA",2001,"F",0,NA,NA
"NGA",2002,"F",0,NA,NA
"NGA",2003,"F",0,NA,NA
"NGA",2004,"F",0,NA,NA
"NGA",2005,"F",0,NA,NA
"NGA",2006,"F",0,NA,NA
"NGA",2007,"F",0,NA,NA
"NGA",2008,"F",0,NA,NA
"NGA",2009,"F",0,NA,NA
"NGA",2010,"F",0,NA,NA
"NGA",2011,"F",0,NA,NA
"NGA",2012,"F",0,NA,NA
"NGA",2013,"F",0,NA,NA
"NGA",2014,"F",0,NA,NA
"NGA",2015,"F",0,NA,NA
"NGA",2016,"F",0,NA,NA
"NGA",2017,"F",0,NA,NA
"NGA",2018,"F",0,NA,NA
"NGA",2019,"F",0,NA,NA
"NGA",2020,"F",0,NA,NA
"NGA",2021,"F",0,NA,NA
"NIU",2000,"F",0,NA,NA
"NIU",2001,"F",0,NA,NA
"NIU",2002,"F",0,NA,NA
"NIU",2003,"F",0,NA,NA
"NIU",2004,"F",0,NA,NA
"NIU",2005,"F",0,NA,NA
"NIU",2006,"F",0,NA,NA
"NIU",2007,"F",0,NA,NA
"NIU",2008,"F",0,NA,NA
"NIU",2009,"F",0,NA,NA
"NIU",2010,"F",0,NA,NA
"NIU",2011,"F",0,NA,NA
"NIU",2012,"F",0,NA,NA
"NIU",2013,"F",0,NA,NA
"NIU",2014,"F",0,NA,NA
"NIU",2015,"F",0,NA,NA
"NIU",2016,"F",0,NA,NA
"NIU",2017,"F",0,NA,NA
"NIU",2018,"F",0,NA,NA
"NIU",2019,"F",0,NA,NA
"NIU",2020,"F",0,NA,NA
"NIU",2021,"F",0,NA,NA
"NPL",2000,"F",0,NA,NA
"NPL",2001,"F",0,NA,NA
"NPL",2002,"F",0,NA,NA
"NPL",2003,"F",0,NA,NA
"NPL",2004,"F",0,NA,NA
"NPL",2005,"F",0,NA,NA
"NPL",2006,"F",0,NA,NA
"NPL",2007,"F",0,NA,NA
"NPL",2008,"F",0,NA,NA
"NPL",2009,"F",0,NA,NA
"NPL",2010,"F",0,NA,NA
"NPL",2011,"F",0,NA,NA
"NPL",2012,"F",0,NA,NA
"NPL",2013,"F",0,NA,NA
"NPL",2014,"F",0,NA,NA
"NPL",2015,"F",0,NA,NA
"NPL",2016,"F",0,NA,NA
"NPL",2017,"F",0,NA,NA
"NPL",2018,"F",0,NA,NA
"NPL",2019,"F",0,NA,NA
"NPL",2020,"F",0,NA,NA
"NPL",2021,"F",0,NA,NA
"NRU",2000,"F",0,NA,NA
"NRU",2001,"F",0,NA,NA
"NRU",2002,"F",0,NA,NA
"NRU",2003,"F",0,NA,NA
"NRU",2004,"F",0,NA,NA
"NRU",2005,"F",0,NA,NA
"NRU",2006,"F",0,NA,NA
"NRU",2007,"F",0,NA,NA
"NRU",2008,"F",0,NA,NA
"NRU",2009,"F",0,NA,NA
"NRU",2010,"F",0,NA,NA
"NRU",2011,"F",0,NA,NA
"NRU",2012,"F",0,NA,NA
"NRU",2013,"F",0,NA,NA
"NRU",2014,"F",0,NA,NA
"NRU",2015,"F",0,NA,NA
"NRU",2016,"F",0,NA,NA
"NRU",2017,"F",0,NA,NA
"NRU",2018,"F",0,NA,NA
"NRU",2019,"F",0,NA,NA
"NRU",2020,"F",0,NA,NA
"NRU",2021,"F",0,NA,NA
"OMN",2000,"F",0,NA,NA
"OMN",2001,"F",0,NA,NA
"OMN",2002,"F",0,NA,NA
"OMN",2003,"F",0,NA,NA
"OMN",2004,"F",0,NA,NA
"OMN",2005,"F",0,NA,NA
"OMN",2006,"F",0,NA,NA
"OMN",2007,"F",0,NA,NA
"OMN",2008,"F",0,NA,NA
"OMN",2009,"F",0,NA,NA
"OMN",2010,"F",0,NA,NA
"OMN",2011,"F",0,NA,NA
"OMN",2012,"F",0,NA,NA
"OMN",2013,"F",0,NA,NA
"OMN",2014,"F",0,NA,NA
"OMN",2015,"F",0,NA,NA
"OMN",2016,"F",0,NA,NA
"OMN",2017,"F",0,NA,NA
"OMN",2018,"F",0,NA,NA
"OMN",2019,"F",0,NA,NA
"OMN",2020,"F",0,NA,NA
"OMN",2021,"F",0,NA,NA
"PAK",2000,"F",0,NA,NA
"PAK",2001,"F",0,NA,NA
"PAK",2002,"F",0,NA,NA
"PAK",2003,"F",0,NA,NA
"PAK",2004,"F",0,NA,NA
"PAK",2005,"F",0,NA,NA
"PAK",2006,"F",0,NA,NA
"PAK",2007,"F",0,NA,NA
"PAK",2008,"F",0,NA,NA
"PAK",2009,"F",0,NA,NA
"PAK",2010,"F",0,NA,NA
"PAK",2011,"F",0,NA,NA
"PAK",2012,"F",0,NA,NA
"PAK",2013,"F",0,NA,NA
"PAK",2014,"F",0,NA,NA
"PAK",2015,"F",0,NA,NA
"PAK",2016,"F",0,NA,NA
"PAK",2017,"F",0,NA,NA
"PAK",2018,"F",0,NA,NA
"PAK",2019,"F",0,NA,NA
"PAK",2020,"F",0,NA,NA
"PAK",2021,"F",0,NA,NA
"PLW",2000,"F",0,NA,NA
"PLW",2001,"F",0,NA,NA
"PLW",2002,"F",0,NA,NA
"PLW",2003,"F",0,NA,NA
"PLW",2004,"F",0,NA,NA
"PLW",2005,"F",0,NA,NA
"PLW",2006,"F",0,NA,NA
"PLW",2007,"F",0,NA,NA
"PLW",2008,"F",0,NA,NA
"PLW",2009,"F",0,NA,NA
"PLW",2010,"F",0,NA,NA
"PLW",2011,"F",0,NA,NA
"PLW",2012,"F",0,NA,NA
"PLW",2013,"F",0,NA,NA
"PLW",2014,"F",0,NA,NA
"PLW",2015,"F",0,NA,NA
"PLW",2016,"F",0,NA,NA
"PLW",2017,"F",0,NA,NA
"PLW",2018,"F",0,NA,NA
"PLW",2019,"F",0,NA,NA
"PLW",2020,"F",0,NA,NA
"PLW",2021,"F",0,NA,NA
"PNG",2000,"F",0,NA,NA
"PNG",2001,"F",0,NA,NA
"PNG",2002,"F",0,NA,NA
"PNG",2003,"F",0,NA,NA
"PNG",2004,"F",0,NA,NA
"PNG",2005,"F",0,NA,NA
"PNG",2006,"F",0,NA,NA
"PNG",2007,"F",0,NA,NA
"PNG",2008,"F",0,NA,NA
"PNG",2009,"F",0,NA,NA
"PNG",2010,"F",0,NA,NA
"PNG",2011,"F",0,NA,NA
"PNG",2012,"F",0,NA,NA
"PNG",2013,"F",0,NA,NA
"PNG",2014,"F",0,NA,NA
"PNG",2015,"F",0,NA,NA
"PNG",2016,"F",0,NA,NA
"PNG",2017,"F",0,NA,NA
"PNG",2018,"F",0,NA,NA
"PNG",2019,"F",0,NA,NA
"PNG",2020,"F",0,NA,NA
"PNG",2021,"F",0,NA,NA
"PRK",2000,"F",0,NA,NA
"PRK",2001,"F",0,NA,NA
"PRK",2002,"F",0,NA,NA
"PRK",2003,"F",0,NA,NA
"PRK",2004,"F",0,NA,NA
"PRK",2005,"F",0,NA,NA
"PRK",2006,"F",0,NA,NA
"PRK",2007,"F",0,NA,NA
"PRK",2008,"F",0,NA,NA
"PRK",2009,"F",0,NA,NA
"PRK",2010,"F",0,NA,NA
"PRK",2011,"F",0,NA,NA
"PRK",2012,"F",0,NA,NA
"PRK",2013,"F",0,NA,NA
"PRK",2014,"F",0,NA,NA
"PRK",2015,"F",0,NA,NA
"PRK",2016,"F",0,NA,NA
"PRK",2017,"F",0,NA,NA
"PRK",2018,"F",0,NA,NA
"PRK",2019,"F",0,NA,NA
"PRK",2020,"F",0,NA,NA
"PRK",2021,"F",0,NA,NA
"PSE",2000,"F",0,NA,NA
"PSE",2001,"F",0,NA,NA
"PSE",2002,"F",0,NA,NA
"PSE",2003,"F",0,NA,NA
"PSE",2004,"F",0,NA,NA
"PSE",2005,"F",0,NA,NA
"PSE",2006,"F",0,NA,NA
"PSE",2007,"F",0,NA,NA
"PSE",2008,"F",0,NA,NA
"PSE",2009,"F",0,NA,NA
"PSE",2010,"F",0,NA,NA
"PSE",2011,"F",0,NA,NA
"PSE",2012,"F",0,NA,NA
"PSE",2013,"F",0,NA,NA
"PSE",2014,"F",0,NA,NA
"PSE",2015,"F",0,NA,NA
"PSE",2016,"F",0,NA,NA
"PSE",2017,"F",0,NA,NA
"PSE",2018,"F",0,NA,NA
"PSE",2019,"F",0,NA,NA
"PSE",2020,"F",0,NA,NA
"PSE",2021,"F",0,NA,NA
"QAT",2000,"F",0,NA,NA
"QAT",2001,"F",0,NA,NA
"QAT",2002,"F",0,NA,NA
"QAT",2003,"F",0,NA,NA
"QAT",2004,"F",0,NA,NA
"QAT",2005,"F",0,NA,NA
"QAT",2006,"F",0,NA,NA
"QAT",2007,"F",0,NA,NA
"QAT",2008,"F",0,NA,NA
"QAT",2009,"F",0,NA,NA
"QAT",2010,"F",0,NA,NA
"QAT",2011,"F",0,NA,NA
"QAT",2012,"F",0,NA,NA
"QAT",2013,"F",0,NA,NA
"QAT",2014,"F",0,NA,NA
"QAT",2015,"F",0,NA,NA
"QAT",2016,"F",0,NA,NA
"QAT",2017,"F",0,NA,NA
"QAT",2018,"F",0,NA,NA
"QAT",2019,"F",0,NA,NA
"QAT",2020,"F",0,NA,NA
"QAT",2021,"F",0,NA,NA
"RUS",2000,"F",0,NA,NA
"RUS",2001,"F",0,NA,NA
"RUS",2002,"F",0,NA,NA
"RUS",2003,"F",0,NA,NA
"RUS",2004,"F",0,NA,NA
"RUS",2005,"F",0,NA,NA
"RUS",2006,"F",0,NA,NA
"RUS",2007,"F",0,NA,NA
"RUS",2008,"F",0,NA,NA
"RUS",2009,"F",0,NA,NA
"RUS",2010,"F",0,NA,NA
"RUS",2011,"F",0,NA,NA
"RUS",2012,"F",0,NA,NA
"RUS",2013,"F",0,NA,NA
"RUS",2014,"F",0,NA,NA
"RUS",2015,"F",0,NA,NA
"RUS",2016,"F",0,NA,NA
"RUS",2017,"F",0,NA,NA
"RUS",2018,"F",0,NA,NA
"RUS",2019,"F",0,NA,NA
"RUS",2020,"F",0,NA,NA
"RUS",2021,"F",0,NA,NA
"RWA",2000,"F",0,NA,NA
"RWA",2001,"F",0,NA,NA
"RWA",2002,"F",0,NA,NA
"RWA",2003,"F",0,NA,NA
"RWA",2004,"F",0,NA,NA
"RWA",2005,"F",0,NA,NA
"RWA",2006,"F",0,NA,NA
"RWA",2007,"F",0,NA,NA
"RWA",2008,"F",0,NA,NA
"RWA",2009,"F",0,NA,NA
"RWA",2010,"F",0,NA,NA
"RWA",2011,"F",0,NA,NA
"RWA",2012,"F",0,NA,NA
"RWA",2013,"F",0,NA,NA
"RWA",2014,"F",0,NA,NA
"RWA",2015,"F",0,NA,NA
"RWA",2016,"F",0,NA,NA
"RWA",2017,"F",0,NA,NA
"RWA",2018,"F",0,NA,NA
"RWA",2019,"F",0,NA,NA
"RWA",2020,"F",0,NA,NA
"RWA",2021,"F",0,NA,NA
"SAU",2000,"F",0,NA,NA
"SAU",2001,"F",0,NA,NA
"SAU",2002,"F",0,NA,NA
"SAU",2003,"F",0,NA,NA
"SAU",2004,"F",0,NA,NA
"SAU",2005,"F",0,NA,NA
"SAU",2006,"F",0,NA,NA
"SAU",2007,"F",0,NA,NA
"SAU",2008,"F",0,NA,NA
"SAU",2009,"F",0,NA,NA
"SAU",2010,"F",0,NA,NA
"SAU",2011,"F",0,NA,NA
"SAU",2012,"F",0,NA,NA
"SAU",2013,"F",0,NA,NA
"SAU",2014,"F",0,NA,NA
"SAU",2015,"F",0,NA,NA
"SAU",2016,"F",0,NA,NA
"SAU",2017,"F",0,NA,NA
"SAU",2018,"F",0,NA,NA
"SAU",2019,"F",0,NA,NA
"SAU",2020,"F",0,NA,NA
"SAU",2021,"F",0,NA,NA
"SDN",2000,"F",0,NA,NA
"SDN",2001,"F",0,NA,NA
"SDN",2002,"F",0,NA,NA
"SDN",2003,"F",0,NA,NA
"SDN",2004,"F",0,NA,NA
"SDN",2005,"F",0,NA,NA
"SDN",2006,"F",0,NA,NA
"SDN",2007,"F",0,NA,NA
"SDN",2008,"F",0,NA,NA
"SDN",2009,"F",0,NA,NA
"SDN",2010,"F",0,NA,NA
"SDN",2011,"F",0,NA,NA
"SDN",2012,"F",0,NA,NA
"SDN",2013,"F",0,NA,NA
"SDN",2014,"F",0,NA,NA
"SDN",2015,"F",0,NA,NA
"SDN",2016,"F",0,NA,NA
"SDN",2017,"F",0,NA,NA
"SDN",2018,"F",0,NA,NA
"SDN",2019,"F",0,NA,NA
"SDN",2020,"F",0,NA,NA
"SDN",2021,"F",0,NA,NA
"SEN",2000,"F",0,NA,NA
"SEN",2001,"F",0,NA,NA
"SEN",2002,"F",0,NA,NA
"SEN",2003,"F",0,NA,NA
"SEN",2004,"F",0,NA,NA
"SEN",2005,"F",0,NA,NA
"SEN",2006,"F",0,NA,NA
"SEN",2007,"F",0,NA,NA
"SEN",2008,"F",0,NA,NA
"SEN",2009,"F",0,NA,NA
"SEN",2010,"F",0,NA,NA
"SEN",2011,"F",0,NA,NA
"SEN",2012,"F",0,NA,NA
"SEN",2013,"F",0,NA,NA
"SEN",2014,"F",0,NA,NA
"SEN",2015,"F",0,NA,NA
"SEN",2016,"F",0,NA,NA
"SEN",2017,"F",0,NA,NA
"SEN",2018,"F",0,NA,NA
"SEN",2019,"F",0,NA,NA
"SEN",2020,"F",0,NA,NA
"SEN",2021,"F",0,NA,NA
"SLB",2000,"F",0,NA,NA
"SLB",2001,"F",0,NA,NA
"SLB",2002,"F",0,NA,NA
"SLB",2003,"F",0,NA,NA
"SLB",2004,"F",0,NA,NA
"SLB",2005,"F",0,NA,NA
"SLB",2006,"F",0,NA,NA
"SLB",2007,"F",0,NA,NA
"SLB",2008,"F",0,NA,NA
"SLB",2009,"F",0,NA,NA
"SLB",2010,"F",0,NA,NA
"SLB",2011,"F",0,NA,NA
"SLB",2012,"F",0,NA,NA
"SLB",2013,"F",0,NA,NA
"SLB",2014,"F",0,NA,NA
"SLB",2015,"F",0,NA,NA
"SLB",2016,"F",0,NA,NA
"SLB",2017,"F",0,NA,NA
"SLB",2018,"F",0,NA,NA
"SLB",2019,"F",0,NA,NA
"SLB",2020,"F",0,NA,NA
"SLB",2021,"F",0,NA,NA
"SLE",2000,"F",0,NA,NA
"SLE",2001,"F",0,NA,NA
"SLE",2002,"F",0,NA,NA
"SLE",2003,"F",0,NA,NA
"SLE",2004,"F",0,NA,NA
"SLE",2005,"F",0,NA,NA
"SLE",2006,"F",0,NA,NA
"SLE",2007,"F",0,NA,NA
"SLE",2008,"F",0,NA,NA
"SLE",2009,"F",0,NA,NA
"SLE",2010,"F",0,NA,NA
"SLE",2011,"F",0,NA,NA
"SLE",2012,"F",0,NA,NA
"SLE",2013,"F",0,NA,NA
"SLE",2014,"F",0,NA,NA
"SLE",2015,"F",0,NA,NA
"SLE",2016,"F",0,NA,NA
"SLE",2017,"F",0,NA,NA
"SLE",2018,"F",0,NA,NA
"SLE",2019,"F",0,NA,NA
"SLE",2020,"F",0,NA,NA
"SLE",2021,"F",0,NA,NA
"SMR",2000,"F",0,NA,NA
"SMR",2001,"F",0,NA,NA
"SMR",2002,"F",0,NA,NA
"SMR",2003,"F",0,NA,NA
"SMR",2004,"F",0,NA,NA
"SMR",2005,"F",0,NA,NA
"SMR",2006,"F",0,NA,NA
"SMR",2007,"F",0,NA,NA
"SMR",2008,"F",0,NA,NA
"SMR",2009,"F",0,NA,NA
"SMR",2010,"F",0,NA,NA
"SMR",2011,"F",0,NA,NA
"SMR",2012,"F",0,NA,NA
"SMR",2013,"F",0,NA,NA
"SMR",2014,"F",0,NA,NA
"SMR",2015,"F",0,NA,NA
"SMR",2016,"F",0,NA,NA
"SMR",2017,"F",0,NA,NA
"SMR",2018,"F",0,NA,NA
"SMR",2019,"F",0,NA,NA
"SMR",2020,"F",0,NA,NA
"SMR",2021,"F",0,NA,NA
"SOM",2000,"F",0,NA,NA
"SOM",2001,"F",0,NA,NA
"SOM",2002,"F",0,NA,NA
"SOM",2003,"F",0,NA,NA
"SOM",2004,"F",0,NA,NA
"SOM",2005,"F",0,NA,NA
"SOM",2006,"F",0,NA,NA
"SOM",2007,"F",0,NA,NA
"SOM",2008,"F",0,NA,NA
"SOM",2009,"F",0,NA,NA
"SOM",2010,"F",0,NA,NA
"SOM",2011,"F",0,NA,NA
"SOM",2012,"F",0,NA,NA
"SOM",2013,"F",0,NA,NA
"SOM",2014,"F",0,NA,NA
"SOM",2015,"F",0,NA,NA
"SOM",2016,"F",0,NA,NA
"SOM",2017,"F",0,NA,NA
"SOM",2018,"F",0,NA,NA
"SOM",2019,"F",0,NA,NA
"SOM",2020,"F",0,NA,NA
"SOM",2021,"F",0,NA,NA
"SSD",2000,"F",0,NA,NA
"SSD",2001,"F",0,NA,NA
"SSD",2002,"F",0,NA,NA
"SSD",2003,"F",0,NA,NA
"SSD",2004,"F",0,NA,NA
"SSD",2005,"F",0,NA,NA
"SSD",2006,"F",0,NA,NA
"SSD",2007,"F",0,NA,NA
"SSD",2008,"F",0,NA,NA
"SSD",2009,"F",0,NA,NA
"SSD",2010,"F",0,NA,NA
"SSD",2011,"F",0,NA,NA
"SSD",2012,"F",0,NA,NA
"SSD",2013,"F",0,NA,NA
"SSD",2014,"F",0,NA,NA
"SSD",2015,"F",0,NA,NA
"SSD",2016,"F",0,NA,NA
"SSD",2017,"F",0,NA,NA
"SSD",2018,"F",0,NA,NA
"SSD",2019,"F",0,NA,NA
"SSD",2020,"F",0,NA,NA
"SSD",2021,"F",0,NA,NA
"STP",2000,"F",0,NA,NA
"STP",2001,"F",0,NA,NA
"STP",2002,"F",0,NA,NA
"STP",2003,"F",0,NA,NA
"STP",2004,"F",0,NA,NA
"STP",2005,"F",0,NA,NA
"STP",2006,"F",0,NA,NA
"STP",2007,"F",0,NA,NA
"STP",2008,"F",0,NA,NA
"STP",2009,"F",0,NA,NA
"STP",2010,"F",0,NA,NA
"STP",2011,"F",0,NA,NA
"STP",2012,"F",0,NA,NA
"STP",2013,"F",0,NA,NA
"STP",2014,"F",0,NA,NA
"STP",2015,"F",0,NA,NA
"STP",2016,"F",0,NA,NA
"STP",2017,"F",0,NA,NA
"STP",2018,"F",0,NA,NA
"STP",2019,"F",0,NA,NA
"STP",2020,"F",0,NA,NA
"STP",2021,"F",0,NA,NA
"SUR",2000,"F",0,NA,NA
"SUR",2001,"F",0,NA,NA
"SUR",2002,"F",0,NA,NA
"SUR",2003,"F",0,NA,NA
"SUR",2004,"F",0,NA,NA
"SUR",2005,"F",0,NA,NA
"SUR",2006,"F",0,NA,NA
"SUR",2007,"F",0,NA,NA
"SUR",2008,"F",0,NA,NA
"SUR",2009,"F",0,NA,NA
"SUR",2010,"F",0,NA,NA
"SUR",2011,"F",0,NA,NA
"SUR",2012,"F",0,NA,NA
"SUR",2013,"F",0,NA,NA
"SUR",2014,"F",0,NA,NA
"SUR",2015,"F",0,NA,NA
"SUR",2016,"F",0,NA,NA
"SUR",2017,"F",0,NA,NA
"SUR",2018,"F",0,NA,NA
"SUR",2019,"F",0,NA,NA
"SUR",2020,"F",0,NA,NA
"SUR",2021,"F",0,NA,NA
"SWZ",2000,"F",0,NA,NA
"SWZ",2001,"F",0,NA,NA
"SWZ",2002,"F",0,NA,NA
"SWZ",2003,"F",0,NA,NA
"SWZ",2004,"F",0,NA,NA
"SWZ",2005,"F",0,NA,NA
"SWZ",2006,"F",0,NA,NA
"SWZ",2007,"F",0,NA,NA
"SWZ",2008,"F",0,NA,NA
"SWZ",2009,"F",0,NA,NA
"SWZ",2010,"F",0,NA,NA
"SWZ",2011,"F",0,NA,NA
"SWZ",2012,"F",0,NA,NA
"SWZ",2013,"F",0,NA,NA
"SWZ",2014,"F",0,NA,NA
"SWZ",2015,"F",0,NA,NA
"SWZ",2016,"F",0,NA,NA
"SWZ",2017,"F",0,NA,NA
"SWZ",2018,"F",0,NA,NA
"SWZ",2019,"F",0,NA,NA
"SWZ",2020,"F",0,NA,NA
"SWZ",2021,"F",0,NA,NA
"SYC",2000,"F",0,NA,NA
"SYC",2001,"F",0,NA,NA
"SYC",2002,"F",0,NA,NA
"SYC",2003,"F",0,NA,NA
"SYC",2004,"F",0,NA,NA
"SYC",2005,"F",0,NA,NA
"SYC",2006,"F",0,NA,NA
"SYC",2007,"F",0,NA,NA
"SYC",2008,"F",0,NA,NA
"SYC",2009,"F",0,NA,NA
"SYC",2010,"F",0,NA,NA
"SYC",2011,"F",0,NA,NA
"SYC",2012,"F",0,NA,NA
"SYC",2013,"F",0,NA,NA
"SYC",2014,"F",0,NA,NA
"SYC",2015,"F",0,NA,NA
"SYC",2016,"F",0,NA,NA
"SYC",2017,"F",0,NA,NA
"SYC",2018,"F",0,NA,NA
"SYC",2019,"F",0,NA,NA
"SYC",2020,"F",0,NA,NA
"SYC",2021,"F",0,NA,NA
"SYR",2000,"F",0,NA,NA
"SYR",2001,"F",0,NA,NA
"SYR",2002,"F",0,NA,NA
"SYR",2003,"F",0,NA,NA
"SYR",2004,"F",0,NA,NA
"SYR",2005,"F",0,NA,NA
"SYR",2006,"F",0,NA,NA
"SYR",2007,"F",0,NA,NA
"SYR",2008,"F",0,NA,NA
"SYR",2009,"F",0,NA,NA
"SYR",2010,"F",0,NA,NA
"SYR",2011,"F",0,NA,NA
"SYR",2012,"F",0,NA,NA
"SYR",2013,"F",0,NA,NA
"SYR",2014,"F",0,NA,NA
"SYR",2015,"F",0,NA,NA
"SYR",2016,"F",0,NA,NA
"SYR",2017,"F",0,NA,NA
"SYR",2018,"F",0,NA,NA
"SYR",2019,"F",0,NA,NA
"SYR",2020,"F",0,NA,NA
"SYR",2021,"F",0,NA,NA
"TCD",2000,"F",0,NA,NA
"TCD",2001,"F",0,NA,NA
"TCD",2002,"F",0,NA,NA
"TCD",2003,"F",0,NA,NA
"TCD",2004,"F",0,NA,NA
"TCD",2005,"F",0,NA,NA
"TCD",2006,"F",0,NA,NA
"TCD",2007,"F",0,NA,NA
"TCD",2008,"F",0,NA,NA
"TCD",2009,"F",0,NA,NA
"TCD",2010,"F",0,NA,NA
"TCD",2011,"F",0,NA,NA
"TCD",2012,"F",0,NA,NA
"TCD",2013,"F",0,NA,NA
"TCD",2014,"F",0,NA,NA
"TCD",2015,"F",0,NA,NA
"TCD",2016,"F",0,NA,NA
"TCD",2017,"F",0,NA,NA
"TCD",2018,"F",0,NA,NA
"TCD",2019,"F",0,NA,NA
"TCD",2020,"F",0,NA,NA
"TCD",2021,"F",0,NA,NA
"TGO",2000,"F",0,NA,NA
"TGO",2001,"F",0,NA,NA
"TGO",2002,"F",0,NA,NA
"TGO",2003,"F",0,NA,NA
"TGO",2004,"F",0,NA,NA
"TGO",2005,"F",0,NA,NA
"TGO",2006,"F",0,NA,NA
"TGO",2007,"F",0,NA,NA
"TGO",2008,"F",0,NA,NA
"TGO",2009,"F",0,NA,NA
"TGO",2010,"F",0,NA,NA
"TGO",2011,"F",0,NA,NA
"TGO",2012,"F",0,NA,NA
"TGO",2013,"F",0,NA,NA
"TGO",2014,"F",0,NA,NA
"TGO",2015,"F",0,NA,NA
"TGO",2016,"F",0,NA,NA
"TGO",2017,"F",0,NA,NA
"TGO",2018,"F",0,NA,NA
"TGO",2019,"F",0,NA,NA
"TGO",2020,"F",0,NA,NA
"TGO",2021,"F",0,NA,NA
"THA",2000,"F",0,NA,NA
"THA",2001,"F",0,NA,NA
"THA",2002,"F",0,NA,NA
"THA",2003,"F",0,NA,NA
"THA",2004,"F",0,NA,NA
"THA",2005,"F",0,NA,NA
"THA",2006,"F",0,NA,NA
"THA",2007,"F",0,NA,NA
"THA",2008,"F",0,NA,NA
"THA",2009,"F",0,NA,NA
"THA",2010,"F",0,NA,NA
"THA",2011,"F",0,NA,NA
"THA",2012,"F",0,NA,NA
"THA",2013,"F",0,NA,NA
"THA",2014,"F",0,NA,NA
"THA",2015,"F",0,NA,NA
"THA",2016,"F",0,NA,NA
"THA",2017,"F",0,NA,NA
"THA",2018,"F",0,NA,NA
"THA",2019,"F",0,NA,NA
"THA",2020,"F",0,NA,NA
"THA",2021,"F",0,NA,NA
"TJK",2000,"F",0,NA,NA
"TJK",2001,"F",0,NA,NA
"TJK",2002,"F",0,NA,NA
"TJK",2003,"F",0,NA,NA
"TJK",2004,"F",0,NA,NA
"TJK",2005,"F",0,NA,NA
"TJK",2006,"F",0,NA,NA
"TJK",2007,"F",0,NA,NA
"TJK",2008,"F",0,NA,NA
"TJK",2009,"F",0,NA,NA
"TJK",2010,"F",0,NA,NA
"TJK",2011,"F",0,NA,NA
"TJK",2012,"F",0,NA,NA
"TJK",2013,"F",0,NA,NA
"TJK",2014,"F",0,NA,NA
"TJK",2015,"F",0,NA,NA
"TJK",2016,"F",0,NA,NA
"TJK",2017,"F",0,NA,NA
"TJK",2018,"F",0,NA,NA
"TJK",2019,"F",0,NA,NA
"TJK",2020,"F",0,NA,NA
"TJK",2021,"F",0,NA,NA
"TKM",2000,"F",0,NA,NA
"TKM",2001,"F",0,NA,NA
"TKM",2002,"F",0,NA,NA
"TKM",2003,"F",0,NA,NA
"TKM",2004,"F",0,NA,NA
"TKM",2005,"F",0,NA,NA
"TKM",2006,"F",0,NA,NA
"TKM",2007,"F",0,NA,NA
"TKM",2008,"F",0,NA,NA
"TKM",2009,"F",0,NA,NA
"TKM",2010,"F",0,NA,NA
"TKM",2011,"F",0,NA,NA
"TKM",2012,"F",0,NA,NA
"TKM",2013,"F",0,NA,NA
"TKM",2014,"F",0,NA,NA
"TKM",2015,"F",0,NA,NA
"TKM",2016,"F",0,NA,NA
"TKM",2017,"F",0,NA,NA
"TKM",2018,"F",0,NA,NA
"TKM",2019,"F",0,NA,NA
"TKM",2020,"F",0,NA,NA
"TKM",2021,"F",0,NA,NA
"TLS",2000,"F",0,NA,NA
"TLS",2001,"F",0,NA,NA
"TLS",2002,"F",0,NA,NA
"TLS",2003,"F",0,NA,NA
"TLS",2004,"F",0,NA,NA
"TLS",2005,"F",0,NA,NA
"TLS",2006,"F",0,NA,NA
"TLS",2007,"F",0,NA,NA
"TLS",2008,"F",0,NA,NA
"TLS",2009,"F",0,NA,NA
"TLS",2010,"F",0,NA,NA
"TLS",2011,"F",0,NA,NA
"TLS",2012,"F",0,NA,NA
"TLS",2013,"F",0,NA,NA
"TLS",2014,"F",0,NA,NA
"TLS",2015,"F",0,NA,NA
"TLS",2016,"F",0,NA,NA
"TLS",2017,"F",0,NA,NA
"TLS",2018,"F",0,NA,NA
"TLS",2019,"F",0,NA,NA
"TLS",2020,"F",0,NA,NA
"TLS",2021,"F",0,NA,NA
"TON",2000,"F",0,NA,NA
"TON",2001,"F",0,NA,NA
"TON",2002,"F",0,NA,NA
"TON",2003,"F",0,NA,NA
"TON",2004,"F",0,NA,NA
"TON",2005,"F",0,NA,NA
"TON",2006,"F",0,NA,NA
"TON",2007,"F",0,NA,NA
"TON",2008,"F",0,NA,NA
"TON",2009,"F",0,NA,NA
"TON",2010,"F",0,NA,NA
"TON",2011,"F",0,NA,NA
"TON",2012,"F",0,NA,NA
"TON",2013,"F",0,NA,NA
"TON",2014,"F",0,NA,NA
"TON",2015,"F",0,NA,NA
"TON",2016,"F",0,NA,NA
"TON",2017,"F",0,NA,NA
"TON",2018,"F",0,NA,NA
"TON",2019,"F",0,NA,NA
"TON",2020,"F",0,NA,NA
"TON",2021,"F",0,NA,NA
"TTO",2000,"F",0,NA,NA
"TTO",2001,"F",0,NA,NA
"TTO",2002,"F",0,NA,NA
"TTO",2003,"F",0,NA,NA
"TTO",2004,"F",0,NA,NA
"TTO",2005,"F",0,NA,NA
"TTO",2006,"F",0,NA,NA
"TTO",2007,"F",0,NA,NA
"TTO",2008,"F",0,NA,NA
"TTO",2009,"F",0,NA,NA
"TTO",2010,"F",0,NA,NA
"TTO",2011,"F",0,NA,NA
"TTO",2012,"F",0,NA,NA
"TTO",2013,"F",0,NA,NA
"TTO",2014,"F",0,NA,NA
"TTO",2015,"F",0,NA,NA
"TTO",2016,"F",0,NA,NA
"TTO",2017,"F",0,NA,NA
"TTO",2018,"F",0,NA,NA
"TTO",2019,"F",0,NA,NA
"TTO",2020,"F",0,NA,NA
"TTO",2021,"F",0,NA,NA
"TUN",2000,"F",0,NA,NA
"TUN",2001,"F",0,NA,NA
"TUN",2002,"F",0,NA,NA
"TUN",2003,"F",0,NA,NA
"TUN",2004,"F",0,NA,NA
"TUN",2005,"F",0,NA,NA
"TUN",2006,"F",0,NA,NA
"TUN",2007,"F",0,NA,NA
"TUN",2008,"F",0,NA,NA
"TUN",2009,"F",0,NA,NA
"TUN",2010,"F",0,NA,NA
"TUN",2011,"F",0,NA,NA
"TUN",2012,"F",0,NA,NA
"TUN",2013,"F",0,NA,NA
"TUN",2014,"F",0,NA,NA
"TUN",2015,"F",0,NA,NA
"TUN",2016,"F",0,NA,NA
"TUN",2017,"F",0,NA,NA
"TUN",2018,"F",0,NA,NA
"TUN",2019,"F",0,NA,NA
"TUN",2020,"F",0,NA,NA
"TUN",2021,"F",0,NA,NA
"TUR",2000,"F",0,NA,NA
"TUR",2001,"F",0,NA,NA
"TUR",2002,"F",0,NA,NA
"TUR",2003,"F",0,NA,NA
"TUR",2004,"F",0,NA,NA
"TUR",2005,"F",0,NA,NA
"TUR",2006,"F",0,NA,NA
"TUR",2007,"F",0,NA,NA
"TUR",2008,"F",0,NA,NA
"TUR",2009,"F",0,NA,NA
"TUR",2010,"F",0,NA,NA
"TUR",2011,"F",0,NA,NA
"TUR",2012,"F",0,NA,NA
"TUR",2013,"F",0,NA,NA
"TUR",2014,"F",0,NA,NA
"TUR",2015,"F",0,NA,NA
"TUR",2016,"F",0,NA,NA
"TUR",2017,"F",0,NA,NA
"TUR",2018,"F",0,NA,NA
"TUR",2019,"F",0,NA,NA
"TUR",2020,"F",0,NA,NA
"TUR",2021,"F",0,NA,NA
"TUV",2000,"F",0,NA,NA
"TUV",2001,"F",0,NA,NA
"TUV",2002,"F",0,NA,NA
"TUV",2003,"F",0,NA,NA
"TUV",2004,"F",0,NA,NA
"TUV",2005,"F",0,NA,NA
"TUV",2006,"F",0,NA,NA
"TUV",2007,"F",0,NA,NA
"TUV",2008,"F",0,NA,NA
"TUV",2009,"F",0,NA,NA
"TUV",2010,"F",0,NA,NA
"TUV",2011,"F",0,NA,NA
"TUV",2012,"F",0,NA,NA
"TUV",2013,"F",0,NA,NA
"TUV",2014,"F",0,NA,NA
"TUV",2015,"F",0,NA,NA
"TUV",2016,"F",0,NA,NA
"TUV",2017,"F",0,NA,NA
"TUV",2018,"F",0,NA,NA
"TUV",2019,"F",0,NA,NA
"TUV",2020,"F",0,NA,NA
"TUV",2021,"F",0,NA,NA
"TZA",2000,"F",0,NA,NA
"TZA",2001,"F",0,NA,NA
"TZA",2002,"F",0,NA,NA
"TZA",2003,"F",0,NA,NA
"TZA",2004,"F",0,NA,NA
"TZA",2005,"F",0,NA,NA
"TZA",2006,"F",0,NA,NA
"TZA",2007,"F",0,NA,NA
"TZA",2008,"F",0,NA,NA
"TZA",2009,"F",0,NA,NA
"TZA",2010,"F",0,NA,NA
"TZA",2011,"F",0,NA,NA
"TZA",2012,"F",0,NA,NA
"TZA",2013,"F",0,NA,NA
"TZA",2014,"F",0,NA,NA
"TZA",2015,"F",0,NA,NA
"TZA",2016,"F",0,NA,NA
"TZA",2017,"F",0,NA,NA
"TZA",2018,"F",0,NA,NA
"TZA",2019,"F",0,NA,NA
"TZA",2020,"F",0,NA,NA
"TZA",2021,"F",0,NA,NA
"UGA",2000,"F",0,NA,NA
"UGA",2001,"F",0,NA,NA
"UGA",2002,"F",0,NA,NA
"UGA",2003,"F",0,NA,NA
"UGA",2004,"F",0,NA,NA
"UGA",2005,"F",0,NA,NA
"UGA",2006,"F",0,NA,NA
"UGA",2007,"F",0,NA,NA
"UGA",2008,"F",0,NA,NA
"UGA",2009,"F",0,NA,NA
"UGA",2010,"F",0,NA,NA
"UGA",2011,"F",0,NA,NA
"UGA",2012,"F",0,NA,NA
"UGA",2013,"F",0,NA,NA
"UGA",2014,"F",0,NA,NA
"UGA",2015,"F",0,NA,NA
"UGA",2016,"F",0,NA,NA
"UGA",2017,"F",0,NA,NA
"UGA",2018,"F",0,NA,NA
"UGA",2019,"F",0,NA,NA
"UGA",2020,"F",0,NA,NA
"UGA",2021,"F",0,NA,NA
"UKR",2000,"F",0,NA,NA
"UKR",2001,"F",0,NA,NA
"UKR",2002,"F",0,NA,NA
"UKR",2003,"F",0,NA,NA
"UKR",2004,"F",0,NA,NA
"UKR",2005,"F",0,NA,NA
"UKR",2006,"F",0,NA,NA
"UKR",2007,"F",0,NA,NA
"UKR",2008,"F",0,NA,NA
"UKR",2009,"F",0,NA,NA
"UKR",2010,"F",0,NA,NA
"UKR",2011,"F",0,NA,NA
"UKR",2012,"F",0,NA,NA
"UKR",2013,"F",0,NA,NA
"UKR",2014,"F",0,NA,NA
"UKR",2015,"F",0,NA,NA
"UKR",2016,"F",0,NA,NA
"UKR",2017,"F",0,NA,NA
"UKR",2018,"F",0,NA,NA
"UKR",2019,"F",0,NA,NA
"UKR",2020,"F",0,NA,NA
"UKR",2021,"F",0,NA,NA
"UZB",2000,"F",0,NA,NA
"UZB",2001,"F",0,NA,NA
"UZB",2002,"F",0,NA,NA
"UZB",2003,"F",0,NA,NA
"UZB",2004,"F",0,NA,NA
"UZB",2005,"F",0,NA,NA
"UZB",2006,"F",0,NA,NA
"UZB",2007,"F",0,NA,NA
"UZB",2008,"F",0,NA,NA
"UZB",2009,"F",0,NA,NA
"UZB",2010,"F",0,NA,NA
"UZB",2011,"F",0,NA,NA
"UZB",2012,"F",0,NA,NA
"UZB",2013,"F",0,NA,NA
"UZB",2014,"F",0,NA,NA
"UZB",2015,"F",0,NA,NA
"UZB",2016,"F",0,NA,NA
"UZB",2017,"F",0,NA,NA
"UZB",2018,"F",0,NA,NA
"UZB",2019,"F",0,NA,NA
"UZB",2020,"F",0,NA,NA
"UZB",2021,"F",0,NA,NA
"VNM",2000,"F",0,NA,NA
"VNM",2001,"F",0,NA,NA
"VNM",2002,"F",0,NA,NA
"VNM",2003,"F",0,NA,NA
"VNM",2004,"F",0,NA,NA
"VNM",2005,"F",0,NA,NA
"VNM",2006,"F",0,NA,NA
"VNM",2007,"F",0,NA,NA
"VNM",2008,"F",0,NA,NA
"VNM",2009,"F",0,NA,NA
"VNM",2010,"F",0,NA,NA
"VNM",2011,"F",0,NA,NA
"VNM",2012,"F",0,NA,NA
"VNM",2013,"F",0,NA,NA
"VNM",2014,"F",0,NA,NA
"VNM",2015,"F",0,NA,NA
"VNM",2016,"F",0,NA,NA
"VNM",2017,"F",0,NA,NA
"VNM",2018,"F",0,NA,NA
"VNM",2019,"F",0,NA,NA
"VNM",2020,"F",0,NA,NA
"VNM",2021,"F",0,NA,NA
"VUT",2000,"F",0,NA,NA
"VUT",2001,"F",0,NA,NA
"VUT",2002,"F",0,NA,NA
"VUT",2003,"F",0,NA,NA
"VUT",2004,"F",0,NA,NA
"VUT",2005,"F",0,NA,NA
"VUT",2006,"F",0,NA,NA
"VUT",2007,"F",0,NA,NA
"VUT",2008,"F",0,NA,NA
"VUT",2009,"F",0,NA,NA
"VUT",2010,"F",0,NA,NA
"VUT",2011,"F",0,NA,NA
"VUT",2012,"F",0,NA,NA
"VUT",2013,"F",0,NA,NA
"VUT",2014,"F",0,NA,NA
"VUT",2015,"F",0,NA,NA
"VUT",2016,"F",0,NA,NA
"VUT",2017,"F",0,NA,NA
"VUT",2018,"F",0,NA,NA
"VUT",2019,"F",0,NA,NA
"VUT",2020,"F",0,NA,NA
"VUT",2021,"F",0,NA,NA
"WSM",2000,"F",0,NA,NA
"WSM",2001,"F",0,NA,NA
"WSM",2002,"F",0,NA,NA
"WSM",2003,"F",0,NA,NA
"WSM",2004,"F",0,NA,NA
"WSM",2005,"F",0,NA,NA
"WSM",2006,"F",0,NA,NA
"WSM",2007,"F",0,NA,NA
"WSM",2008,"F",0,NA,NA
"WSM",2009,"F",0,NA,NA
"WSM",2010,"F",0,NA,NA
"WSM",2011,"F",0,NA,NA
"WSM",2012,"F",0,NA,NA
"WSM",2013,"F",0,NA,NA
"WSM",2014,"F",0,NA,NA
"WSM",2015,"F",0,NA,NA
"WSM",2016,"F",0,NA,NA
"WSM",2017,"F",0,NA,NA
"WSM",2018,"F",0,NA,NA
"WSM",2019,"F",0,NA,NA
"WSM",2020,"F",0,NA,NA
"WSM",2021,"F",0,NA,NA
"YEM",2000,"F",0,NA,NA
"YEM",2001,"F",0,NA,NA
"YEM",2002,"F",0,NA,NA
"YEM",2003,"F",0,NA,NA
"YEM",2004,"F",0,NA,NA
"YEM",2005,"F",0,NA,NA
"YEM",2006,"F",0,NA,NA
"YEM",2007,"F",0,NA,NA
"YEM",2008,"F",0,NA,NA
"YEM",2009,"F",0,NA,NA
"YEM",2010,"F",0,NA,NA
"YEM",2011,"F",0,NA,NA
"YEM",2012,"F",0,NA,NA
"YEM",2013,"F",0,NA,NA
"YEM",2014,"F",0,NA,NA
"YEM",2015,"F",0,NA,NA
"YEM",2016,"F",0,NA,NA
"YEM",2017,"F",0,NA,NA
"YEM",2018,"F",0,NA,NA
"YEM",2019,"F",0,NA,NA
"YEM",2020,"F",0,NA,NA
"YEM",2021,"F",0,NA,NA
"ZAF",2000,"F",0,NA,NA
"ZAF",2001,"F",0,NA,NA
"ZAF",2002,"F",0,NA,NA
"ZAF",2003,"F",0,NA,NA
"ZAF",2004,"F",0,NA,NA
"ZAF",2005,"F",0,NA,NA
"ZAF",2006,"F",0,NA,NA
"ZAF",2007,"F",0,NA,NA
"ZAF",2008,"F",0,NA,NA
"ZAF",2009,"F",0,NA,NA
"ZAF",2010,"F",0,NA,NA
"ZAF",2011,"F",0,NA,NA
"ZAF",2012,"F",0,NA,NA
"ZAF",2013,"F",0,NA,NA
"ZAF",2014,"F",0,NA,NA
"ZAF",2015,"F",0,NA,NA
"ZAF",2016,"F",0,NA,NA
"ZAF",2017,"F",0,NA,NA
"ZAF",2018,"F",0,NA,NA
"ZAF",2019,"F",0,NA,NA
"ZAF",2020,"F",0,NA,NA
"ZAF",2021,"F",0,NA,NA
"ZMB",2000,"F",0,NA,NA
"ZMB",2001,"F",0,NA,NA
"ZMB",2002,"F",0,NA,NA
"ZMB",2003,"F",0,NA,NA
"ZMB",2004,"F",0,NA,NA
"ZMB",2005,"F",0,NA,NA
"ZMB",2006,"F",0,NA,NA
"ZMB",2007,"F",0,NA,NA
"ZMB",2008,"F",0,NA,NA
"ZMB",2009,"F",0,NA,NA
"ZMB",2010,"F",0,NA,NA
"ZMB",2011,"F",0,NA,NA
"ZMB",2012,"F",0,NA,NA
"ZMB",2013,"F",0,NA,NA
"ZMB",2014,"F",0,NA,NA
"ZMB",2015,"F",0,NA,NA
"ZMB",2016,"F",0,NA,NA
"ZMB",2017,"F",0,NA,NA
"ZMB",2018,"F",0,NA,NA
"ZMB",2019,"F",0,NA,NA
"ZMB",2020,"F",0,NA,NA
"ZMB",2021,"F",0,NA,NA
"ZWE",2000,"F",0,NA,NA
"ZWE",2001,"F",0,NA,NA
"ZWE",2002,"F",0,NA,NA
"ZWE",2003,"F",0,NA,NA
"ZWE",2004,"F",0,NA,NA
"ZWE",2005,"F",0,NA,NA
"ZWE",2006,"F",0,NA,NA
"ZWE",2007,"F",0,NA,NA
"ZWE",2008,"F",0,NA,NA
"ZWE",2009,"F",0,NA,NA
"ZWE",2010,"F",0,NA,NA
"ZWE",2011,"F",0,NA,NA
"ZWE",2012,"F",0,NA,NA
"ZWE",2013,"F",0,NA,NA
"ZWE",2014,"F",0,NA,NA
"ZWE",2015,"F",0,NA,NA
"ZWE",2016,"F",0,NA,NA
"ZWE",2017,"F",0,NA,NA
"ZWE",2018,"F",0,NA,NA
"ZWE",2019,"F",0,NA,NA
"ZWE",2020,"F",0,NA,NA
"ZWE",2021,"F",0,NA,NA
